CGPA,Internships,Projects,Certifications,Aptitude_Score,Technical_Skill,Coding_Skill,Communication_Skill,Soft_Skill,Backlogs,Extracurricular_Score,Leadership_Score,LinkedIn_GitHub_Activity,Placement_Training,Gender,Branch,Placed,Package_LPA
7.9,2,1,1,87.1,4.3,4.7,7.6,5.4,1,3.9,3.7,5.7,No,Male,EEE,0,0.0
7.26,0,4,1,22.6,6.4,5.4,3.7,7.0,0,8.6,9.1,3.3,Yes,Female,CSE,0,0.0
8.05,0,3,0,89.7,5.8,6.6,7.4,5.8,0,6.8,1.6,7.2,Yes,Female,CSE,1,7.56
8.92,0,2,1,52.3,5.1,8.9,10.0,6.2,0,4.0,7.4,0.0,No,Female,CIVIL,0,0.0
7.17,1,1,0,62.4,6.1,2.6,8.0,5.6,2,7.8,5.4,4.6,Yes,Male,CSE,1,3.57
7.17,1,1,1,81.0,4.5,6.9,8.4,7.7,2,3.7,6.3,5.0,Yes,Female,CSM (AI/ML),1,5.2
8.98,2,2,3,28.2,8.7,8.1,6.3,7.0,0,2.6,6.7,0.6,Yes,Male,IT,1,16.82
8.17,2,2,3,57.9,5.1,3.4,7.8,4.2,0,3.8,6.2,6.1,Yes,Male,CSM (AI/ML),1,7.97
6.93,1,4,2,78.1,5.3,5.5,6.8,7.6,0,7.0,3.3,4.8,No,Male,EEE,1,7.79
7.94,2,1,0,52.1,2.4,6.3,9.4,7.1,2,7.8,4.4,6.5,No,Male,CSE,0,0.0
6.94,1,3,2,76.6,3.6,9.6,4.7,7.8,0,4.7,2.0,9.8,Yes,Male,CSE,1,11.63
6.93,1,1,1,72.8,5.3,9.9,8.2,5.6,2,1.8,4.4,5.9,No,Female,ECE,0,0.0
7.64,4,3,1,64.7,5.7,3.4,7.0,5.0,0,2.4,5.7,7.4,No,Male,EEE,1,9.66
5.49,1,3,2,71.6,7.4,5.2,5.0,6.2,0,3.4,6.3,8.4,No,Female,IT,1,6.58
5.68,0,3,2,82.7,3.8,6.2,6.0,6.5,0,2.9,5.8,6.3,Yes,Male,ECE,0,0.0
6.84,1,1,3,71.6,6.9,6.9,4.0,8.0,0,6.0,1.3,3.2,No,Female,CSE,0,0.0
6.39,1,6,0,76.9,7.2,6.2,1.5,7.2,0,9.4,3.8,1.4,Yes,Male,CSM (AI/ML),1,10.28
7.71,0,5,1,47.9,7.3,4.0,4.6,6.5,2,7.1,3.6,6.1,No,Male,CSE,0,0.0
6.49,0,1,0,71.3,7.9,3.9,5.8,6.1,2,3.2,2.2,4.3,No,Male,CSE,0,0.0
5.99,0,2,3,69.8,4.3,2.9,6.5,6.3,1,4.1,3.2,8.2,Yes,Male,ECE,0,0.0
8.87,2,3,1,80.0,7.1,2.0,4.4,5.7,1,4.5,5.0,4.1,Yes,Female,CSM (AI/ML),0,0.0
7.17,0,1,0,43.5,9.0,2.8,5.9,7.3,0,6.3,8.0,5.2,Yes,Female,CSM (AI/ML),0,0.0
7.47,0,3,0,79.2,8.4,8.0,6.8,4.3,0,8.6,3.0,2.5,No,Male,IT,1,11.5
5.98,0,2,1,47.9,9.2,7.1,5.5,6.3,0,4.6,2.6,4.4,Yes,Male,ECE,1,9.65
6.86,0,0,2,99.5,6.6,6.9,4.8,7.8,1,8.6,3.7,3.0,No,Male,CSE,1,7.3
7.51,1,1,0,47.8,5.3,5.4,5.3,4.7,1,9.7,5.7,3.2,No,Male,CSE,0,0.0
6.25,1,2,3,43.3,2.2,5.7,8.4,9.0,0,4.8,7.6,5.1,Yes,Female,MECH,0,0.0
7.78,0,1,1,57.4,4.2,5.3,3.8,4.8,1,4.7,4.8,3.8,No,Male,CIVIL,0,0.0
6.8,1,1,3,78.8,5.4,2.8,8.1,5.6,0,4.8,2.0,10.0,Yes,Male,EEE,0,0.0
7.11,0,3,1,67.7,5.6,7.0,8.4,7.7,3,5.6,2.4,7.1,Yes,Male,CSM (AI/ML),1,8.19
6.8,0,0,0,88.9,4.9,7.4,5.9,8.3,0,4.8,5.4,7.7,Yes,Male,MECH,0,0.0
9.25,1,2,3,57.2,6.7,3.6,7.1,6.8,3,7.3,7.1,4.9,No,Female,IT,0,0.0
7.39,0,2,2,54.2,6.5,3.6,5.2,6.8,1,2.4,8.8,5.4,No,Male,CSE,0,0.0
6.34,2,2,1,50.2,6.3,6.5,6.8,8.8,0,4.4,2.5,4.2,No,Male,CIVIL,1,10.19
8.22,1,2,2,53.6,7.5,6.5,9.7,4.4,0,6.2,5.3,10.0,Yes,Female,CIVIL,1,12.76
6.18,2,1,2,39.6,5.4,7.2,8.3,3.9,1,7.2,2.8,4.9,Yes,Male,CSM (AI/ML),0,0.0
7.61,0,3,3,51.6,8.0,8.5,5.6,3.6,0,9.9,3.1,3.8,Yes,Male,CSM (AI/ML),1,13.3
5.44,1,3,1,42.6,4.3,3.8,4.4,5.1,1,2.9,2.9,3.5,Yes,Male,ECE,0,0.0
6.07,2,5,1,73.5,5.7,5.6,6.0,5.3,0,4.2,4.3,6.0,No,Female,CSE,1,6.69
7.6,0,2,0,85.7,6.7,3.9,6.8,6.8,1,1.0,3.1,8.5,Yes,Female,CSE,0,0.0
8.14,1,0,2,65.5,3.1,4.0,7.5,7.7,0,3.3,10.0,7.7,Yes,Female,IT,0,0.0
7.57,1,1,4,51.2,5.4,5.0,6.2,7.6,1,2.0,4.0,3.5,Yes,Female,ECE,0,0.0
7.28,1,1,1,73.9,7.3,8.5,9.1,7.5,2,4.5,7.1,3.4,No,Male,ECE,1,9.84
7.1,2,2,3,61.4,5.5,7.9,6.4,5.0,1,5.0,3.6,8.1,Yes,Male,CSE,0,0.0
5.92,1,3,1,78.2,3.3,5.7,5.7,6.8,0,6.4,9.7,10.0,Yes,Female,ECE,0,0.0
6.68,0,5,1,46.9,4.8,1.7,7.2,5.3,1,4.9,5.7,4.9,Yes,Male,MECH,0,0.0
6.94,1,2,2,48.0,4.0,6.5,7.5,7.1,0,6.4,6.8,8.0,Yes,Male,CSE,1,6.7
8.46,1,2,2,73.6,7.0,6.5,5.3,6.4,0,5.7,3.8,1.8,No,Female,CSM (AI/ML),1,8.32
7.74,2,4,0,61.7,6.4,4.0,5.0,7.5,0,3.4,7.1,3.3,Yes,Male,CSE,1,6.79
5.64,0,1,3,76.8,3.7,7.4,3.9,9.6,2,2.1,5.7,2.9,Yes,Male,CSM (AI/ML),1,5.36
7.72,2,2,1,48.3,3.6,4.0,6.0,6.3,0,6.7,4.2,6.1,Yes,Female,CIVIL,0,0.0
7.01,3,3,3,68.9,5.0,7.4,8.2,4.8,0,8.8,2.7,4.8,Yes,Female,CSE,1,10.27
6.72,2,3,3,70.7,6.3,6.3,7.4,4.0,0,10.0,4.5,5.7,Yes,Male,CSE,1,10.36
8.01,3,4,2,37.4,5.1,3.0,8.1,5.0,0,7.4,4.3,8.0,Yes,Male,ECE,1,10.48
8.43,1,5,2,61.9,6.8,5.1,5.4,7.8,0,8.4,6.8,3.7,No,Male,ECE,1,11.09
8.33,1,1,1,29.7,6.7,6.1,6.2,7.0,0,6.4,4.5,5.4,Yes,Male,CSM (AI/ML),0,0.0
6.56,0,1,2,85.5,7.1,6.4,3.5,6.6,2,6.1,1.0,2.1,No,Female,EEE,0,0.0
7.09,2,5,2,40.9,3.9,7.8,7.9,6.8,1,5.7,6.4,7.9,No,Female,CSE,1,11.63
7.73,1,3,2,59.0,5.8,8.0,8.4,7.3,3,5.3,7.7,7.7,No,Male,CSM (AI/ML),0,0.0
8.38,1,2,1,61.9,7.9,5.3,4.8,4.1,1,6.7,1.5,6.0,Yes,Female,CSE,1,8.88
6.92,1,5,1,46.6,5.1,6.9,8.8,7.7,0,4.5,8.8,5.5,No,Female,CSE,1,10.94
7.21,2,3,2,91.6,4.9,8.9,6.0,6.8,1,5.2,7.9,4.0,No,Female,CSM (AI/ML),0,0.0
6.29,0,0,1,50.9,5.4,3.9,4.8,4.3,0,3.1,3.7,2.0,Yes,Male,ECE,0,0.0
6.2,0,1,4,57.7,5.4,4.6,5.9,6.8,0,6.4,2.7,5.9,No,Male,CSE,0,0.0
8.21,1,3,2,51.0,6.4,2.7,7.3,4.5,0,3.6,7.2,6.9,Yes,Female,CSE,1,5.56
8.76,0,0,3,50.8,5.3,4.6,6.3,7.0,1,5.6,2.1,9.8,Yes,Female,EEE,0,0.0
7.33,1,3,1,60.3,3.0,6.2,5.5,6.5,0,6.5,3.6,4.3,No,Male,CSM (AI/ML),0,0.0
8.4,3,6,0,73.2,8.1,1.8,7.3,4.9,1,6.7,2.2,5.8,No,Female,CSE,1,8.57
7.76,0,2,2,64.6,7.0,6.6,7.4,6.9,2,7.0,5.0,7.8,No,Female,CSE,0,0.0
6.75,1,1,1,49.9,6.4,4.9,6.1,7.4,2,5.1,8.1,7.8,No,Female,MECH,0,0.0
7.76,0,1,3,61.9,6.0,5.7,5.9,5.5,2,6.5,5.8,3.8,Yes,Male,CSE,0,0.0
8.94,3,2,3,40.1,5.7,3.6,5.6,7.4,0,4.5,7.1,4.6,Yes,Female,ECE,1,9.26
7.36,3,0,0,80.9,4.9,5.6,7.1,5.9,2,1.6,4.3,4.0,No,Female,CSM (AI/ML),0,0.0
8.96,2,3,0,53.9,3.2,9.0,4.0,7.5,0,6.6,5.2,3.1,Yes,Female,MECH,0,0.0
4.78,2,4,0,54.8,8.8,5.0,5.3,6.2,0,6.1,2.4,8.6,Yes,Female,MECH,0,0.0
8.22,0,2,5,30.9,6.2,1.6,6.2,7.9,1,7.5,4.8,5.3,Yes,Male,EEE,1,4.33
7.49,0,4,4,53.9,3.6,8.1,5.2,5.0,2,5.4,3.4,5.0,Yes,Male,CSM (AI/ML),0,0.0
7.1,4,3,3,88.9,4.6,6.8,6.8,5.1,0,2.3,4.7,5.8,Yes,Male,EEE,1,9.33
7.49,3,2,1,71.8,6.7,6.0,6.6,5.2,1,5.3,4.5,5.3,Yes,Male,EEE,0,0.0
5.41,0,3,1,79.7,6.7,6.9,10.0,6.5,0,7.3,4.3,4.7,Yes,Male,CSM (AI/ML),0,0.0
7.18,2,5,2,63.9,5.0,6.0,5.3,6.1,0,6.5,9.4,3.4,Yes,Male,CIVIL,1,8.93
7.76,0,3,1,20.1,4.5,8.9,6.4,6.7,1,5.2,8.7,8.8,Yes,Female,IT,1,11.35
8.88,0,0,0,63.1,5.3,7.2,5.0,4.7,3,2.2,8.0,3.9,Yes,Female,CSM (AI/ML),0,0.0
6.88,0,2,1,65.2,3.1,4.9,9.3,5.3,0,3.4,8.8,3.1,No,Male,MECH,0,0.0
6.59,0,2,1,76.3,5.4,8.6,9.0,8.1,0,6.5,8.0,5.0,No,Female,ECE,0,0.0
6.9,2,3,0,61.4,5.5,9.3,4.0,6.8,0,2.2,5.0,10.0,Yes,Male,ECE,1,12.78
8.32,0,3,2,49.7,8.6,7.5,6.2,7.2,0,4.9,4.7,3.3,No,Male,CSM (AI/ML),1,12.52
7.73,0,2,3,60.4,5.5,6.6,6.5,5.9,1,5.6,5.5,6.8,Yes,Female,CSM (AI/ML),1,9.49
6.87,1,5,2,56.5,6.6,4.2,5.9,6.7,0,7.8,4.6,4.6,Yes,Male,CIVIL,0,0.0
7.91,3,1,6,70.4,8.8,7.1,5.7,5.6,0,6.7,2.8,5.8,Yes,Male,MECH,1,14.91
7.5,1,3,2,60.4,4.5,6.5,7.6,3.7,0,7.4,5.6,7.3,No,Male,CSM (AI/ML),0,0.0
8.37,2,2,2,46.2,5.2,5.7,9.1,7.7,0,6.1,1.7,1.2,Yes,Female,MECH,1,8.6
6.7,0,1,5,71.1,5.3,7.1,7.6,6.6,1,3.8,5.3,3.1,Yes,Male,EEE,1,7.49
7.07,0,2,2,50.2,3.5,6.0,7.7,5.3,0,4.3,2.9,7.3,Yes,Male,CSE,1,5.35
7.01,1,2,1,56.9,5.8,6.8,5.9,6.3,0,3.6,4.8,5.4,No,Male,CSE,1,8.28
5.94,1,3,1,54.6,8.1,7.8,7.9,5.6,0,6.7,5.4,5.7,Yes,Female,MECH,1,13.13
7.7,3,4,2,65.8,7.6,3.3,7.9,8.4,1,4.1,4.3,6.8,No,Male,MECH,1,8.84
7.66,0,3,0,40.1,8.1,3.9,5.7,7.2,1,4.7,1.6,3.2,Yes,Male,IT,0,0.0
7.41,0,2,3,62.5,5.2,4.1,6.1,4.7,2,5.5,2.5,7.6,No,Male,CSE,0,0.0
7.17,1,1,3,79.3,4.4,9.5,4.0,4.5,0,8.8,6.0,7.1,Yes,Male,ECE,1,10.61
5.98,1,2,1,63.5,9.8,7.0,4.4,6.7,1,6.8,3.8,5.7,Yes,Male,EEE,0,0.0
6.98,0,0,1,51.3,6.5,7.2,5.7,6.5,0,4.0,6.2,6.3,No,Male,ECE,0,0.0
7.06,0,2,3,56.1,3.6,7.9,4.8,7.0,2,5.8,5.0,7.9,No,Female,EEE,0,0.0
6.6,1,2,3,66.7,10.0,3.8,7.6,6.1,1,8.8,4.6,3.8,No,Male,CSE,1,6.18
7.24,1,0,1,71.0,6.1,1.9,6.2,5.4,0,6.7,5.7,6.7,Yes,Male,CSE,0,0.0
7.8,1,1,1,86.1,1.5,5.7,7.2,7.0,1,2.3,3.6,9.2,No,Female,CSE,0,0.0
9.29,2,2,3,36.0,8.5,7.5,4.6,7.1,0,3.7,5.8,6.7,No,Male,CSM (AI/ML),1,16.49
7.57,4,0,3,66.2,2.5,5.4,8.3,8.1,0,3.5,4.1,4.7,Yes,Female,CSM (AI/ML),1,8.15
7.66,1,4,0,65.0,6.7,3.2,7.1,7.3,1,8.4,10.0,10.0,No,Male,CIVIL,1,6.29
7.33,0,4,1,60.9,7.5,4.1,7.0,5.1,0,8.0,2.6,5.7,Yes,Female,CSE,1,7.84
5.48,1,2,3,67.7,7.3,3.6,7.8,6.7,0,4.2,4.2,8.4,Yes,Female,CSM (AI/ML),0,0.0
7.37,4,1,1,58.3,8.7,4.6,6.9,5.9,2,4.2,4.3,4.2,Yes,Male,IT,0,0.0
7.46,0,4,3,46.0,7.8,3.6,4.9,5.0,1,5.6,2.2,7.7,Yes,Male,ECE,0,0.0
9.86,1,6,0,65.4,9.2,6.1,7.3,3.8,1,5.6,6.5,3.9,Yes,Male,CSE,1,13.87
7.21,0,2,1,72.4,6.1,4.8,5.2,9.4,0,3.6,4.1,5.9,Yes,Female,CSM (AI/ML),0,0.0
7.7,1,3,3,61.2,5.5,7.0,6.7,5.5,0,5.0,0.0,3.8,No,Male,EEE,1,11.69
7.37,1,2,0,78.9,5.6,3.9,5.2,6.1,1,2.6,6.5,9.6,Yes,Female,CSE,1,5.73
6.23,1,2,3,58.2,8.4,6.3,8.9,6.6,0,8.0,3.7,4.7,No,Female,IT,1,10.09
8.54,0,3,0,69.4,5.2,5.7,7.4,6.5,0,2.0,4.8,2.7,Yes,Male,ECE,1,6.97
8.15,3,0,1,36.7,7.6,6.6,7.9,2.8,0,2.0,6.4,5.4,Yes,Female,EEE,1,12.28
8.19,2,3,2,97.9,4.8,6.8,5.3,6.1,0,6.4,4.2,6.4,Yes,Male,ECE,1,10.75
6.49,2,0,0,58.4,4.9,7.0,6.8,8.8,1,3.0,4.2,5.1,Yes,Male,IT,0,0.0
8.8,3,2,0,54.2,8.1,7.4,6.7,6.0,0,4.5,10.0,3.3,Yes,Male,ECE,1,13.83
6.0,1,1,0,57.7,6.9,6.8,6.6,8.6,1,5.6,0.5,7.6,Yes,Male,EEE,1,8.52
7.99,0,1,1,46.8,2.7,6.4,3.5,6.3,1,6.9,2.3,8.1,Yes,Male,CIVIL,0,0.0
9.59,3,1,2,43.3,4.8,4.5,9.3,5.8,1,5.1,2.7,1.4,No,Male,CIVIL,0,0.0
6.41,1,3,1,62.7,2.1,7.4,6.3,6.5,1,9.1,8.8,3.2,Yes,Female,CSE,0,0.0
6.83,4,1,1,63.8,5.6,4.5,7.2,6.4,0,5.5,3.6,4.8,Yes,Female,CSM (AI/ML),0,0.0
7.5,0,1,0,65.6,5.8,5.2,4.4,6.3,1,7.9,5.5,4.0,Yes,Female,CSE,0,0.0
6.9,1,3,0,61.5,5.4,4.2,8.6,5.5,0,6.1,4.0,6.4,Yes,Female,CSE,0,0.0
5.85,1,2,2,60.7,8.1,4.1,8.5,4.4,1,9.8,6.3,9.4,Yes,Female,CIVIL,1,7.07
7.47,1,1,2,42.8,6.9,5.2,7.7,7.1,1,7.6,5.0,4.3,Yes,Male,CSM (AI/ML),0,0.0
6.34,2,1,4,54.2,10.0,5.4,6.8,6.4,0,5.6,5.5,8.8,Yes,Male,CSM (AI/ML),0,0.0
7.87,1,3,0,64.6,7.1,4.3,9.9,8.6,0,6.8,7.7,1.8,No,Male,CSE,1,6.93
6.48,0,3,5,53.4,7.1,5.8,7.9,6.3,1,5.0,5.9,6.2,No,Male,IT,1,8.8
8.95,2,2,3,66.7,6.6,6.1,4.4,4.2,1,5.0,3.5,3.8,Yes,Female,MECH,0,0.0
6.62,1,3,2,59.8,5.8,4.8,6.7,6.8,1,2.9,5.7,6.3,Yes,Female,ECE,0,0.0
7.08,2,1,3,59.7,5.2,10.0,7.3,6.4,1,3.9,10.0,1.2,No,Female,MECH,1,11.19
8.21,0,2,1,65.3,5.8,6.4,6.6,5.7,1,9.6,6.2,2.2,No,Male,MECH,0,0.0
6.17,2,2,1,69.8,5.9,6.0,7.3,7.2,1,3.1,5.3,6.3,No,Female,EEE,1,6.64
7.63,4,1,2,73.3,6.0,4.5,8.6,7.0,0,4.2,2.1,3.8,Yes,Female,CSE,0,0.0
8.71,1,1,3,93.7,7.2,6.1,6.1,4.6,1,5.3,6.5,4.5,No,Male,MECH,1,11.01
5.79,1,2,1,75.8,6.7,6.3,5.8,5.6,0,5.4,6.8,9.4,No,Male,ECE,0,0.0
7.58,2,5,2,38.3,5.4,5.8,4.8,7.8,0,6.3,5.7,5.5,Yes,Female,MECH,1,12.17
7.66,1,0,2,44.7,5.0,8.5,3.6,4.9,1,4.6,5.2,7.3,No,Male,ECE,0,0.0
8.18,0,1,1,57.6,6.6,2.6,5.9,6.1,0,6.4,10.0,3.5,No,Female,IT,0,0.0
6.16,1,3,3,49.8,4.7,5.1,5.4,6.6,1,7.8,6.8,2.1,Yes,Female,EEE,0,0.0
6.08,3,3,3,68.2,5.5,7.2,6.1,4.7,0,8.0,7.6,5.0,No,Male,ECE,1,11.66
7.92,0,1,3,69.9,5.3,4.1,5.5,6.2,1,5.0,5.1,1.8,No,Male,CIVIL,0,0.0
7.7,2,2,5,54.3,10.0,2.9,4.8,6.1,1,6.7,4.7,3.6,No,Female,CSM (AI/ML),1,10.01
7.65,1,3,2,81.0,4.2,4.8,5.6,5.8,2,3.2,6.3,5.7,No,Female,CSM (AI/ML),1,4.73
7.75,2,2,0,85.3,4.9,7.8,7.2,4.2,1,4.1,4.7,4.9,Yes,Male,ECE,0,0.0
6.72,3,4,2,33.0,5.3,4.1,5.6,6.3,0,3.2,4.9,6.0,Yes,Male,ECE,0,0.0
7.63,1,3,1,39.1,5.5,5.1,6.1,5.4,0,5.4,6.0,6.6,Yes,Male,CSE,0,0.0
7.69,1,4,0,79.6,7.8,6.6,9.5,7.8,1,3.8,3.9,2.4,No,Female,EEE,1,12.62
6.69,4,4,2,75.9,5.8,4.7,8.0,6.9,0,2.5,5.5,3.0,Yes,Male,MECH,1,9.26
9.27,1,2,2,70.0,4.1,5.0,6.7,5.2,1,4.7,5.2,0.2,Yes,Male,ECE,1,7.25
7.87,0,2,2,62.2,8.5,4.6,6.8,5.7,0,2.0,7.0,4.3,Yes,Female,ECE,1,8.3
6.21,0,1,3,60.4,6.6,4.7,5.3,6.5,0,8.2,3.7,6.9,Yes,Male,CSM (AI/ML),0,0.0
8.06,1,5,0,70.6,6.9,3.6,5.8,5.7,0,4.4,0.8,8.6,Yes,Female,CIVIL,0,0.0
6.43,0,0,3,64.8,7.2,5.3,6.0,4.2,2,7.5,4.3,5.6,No,Female,MECH,0,0.0
8.19,0,4,0,82.9,4.2,7.8,6.6,6.7,1,4.5,5.8,8.4,Yes,Male,ECE,1,10.29
8.56,0,2,1,51.1,6.2,8.8,6.3,7.0,1,3.1,7.0,6.1,No,Male,EEE,1,10.18
6.58,3,0,3,62.3,7.5,8.2,4.7,7.3,0,7.9,3.5,5.4,No,Male,CSM (AI/ML),1,12.11
8.36,0,2,0,76.2,5.2,6.1,7.3,7.6,0,5.7,6.1,3.8,Yes,Male,CSE,0,0.0
7.81,1,2,1,64.6,6.7,9.0,5.5,5.1,0,9.3,7.4,0.0,Yes,Female,CSE,1,14.49
8.22,0,2,0,72.8,7.1,10.0,9.3,7.4,0,4.6,6.6,8.0,No,Male,CSE,1,13.92
9.3,0,4,0,72.5,3.9,6.1,8.3,4.7,0,4.6,3.3,5.1,Yes,Male,ECE,1,6.53
7.15,0,1,1,55.2,4.5,3.9,3.9,6.8,3,7.5,3.6,8.4,Yes,Male,EEE,0,0.0
6.65,0,4,3,45.7,2.5,8.3,6.0,5.3,0,7.5,5.9,3.0,No,Male,CSM (AI/ML),1,7.74
6.51,1,1,1,50.0,6.6,3.5,8.8,6.9,0,5.8,8.4,10.0,No,Male,ECE,1,6.13
6.58,0,1,1,44.7,9.2,4.1,7.4,4.2,0,10.0,5.0,4.6,Yes,Female,CSE,0,0.0
7.32,0,6,4,32.3,5.1,1.8,6.5,7.1,0,4.9,4.7,3.6,No,Male,MECH,0,0.0
7.74,1,6,2,79.5,5.9,7.2,2.9,5.2,0,3.0,2.1,4.7,Yes,Male,CSE,1,13.44
7.68,1,0,1,31.8,7.8,1.4,6.1,7.0,0,3.5,4.2,5.6,Yes,Female,EEE,0,0.0
8.23,0,3,1,91.8,6.6,7.7,6.7,6.8,2,5.0,3.5,5.0,Yes,Female,CSM (AI/ML),0,0.0
7.41,0,2,0,53.6,4.6,9.2,3.3,6.8,1,8.5,5.1,4.0,Yes,Male,CSE,0,0.0
8.85,1,2,3,57.5,8.6,9.1,7.3,6.4,0,5.1,1.8,1.1,Yes,Male,ECE,1,14.75
7.14,2,2,1,37.8,6.5,3.4,5.3,4.7,0,8.6,4.3,3.4,Yes,Male,MECH,1,6.64
10.0,1,2,4,68.2,5.8,2.3,6.9,8.4,1,6.4,2.9,7.7,Yes,Male,CSM (AI/ML),1,6.58
8.03,0,1,2,57.8,6.0,4.6,6.6,6.1,1,7.7,7.0,3.2,No,Female,CSM (AI/ML),0,0.0
6.54,1,3,2,63.0,7.1,7.5,6.0,6.1,0,6.3,3.2,1.3,No,Male,CSE,0,0.0
6.33,1,3,3,49.4,5.2,8.1,7.6,8.2,0,6.3,3.8,2.8,Yes,Female,ECE,1,11.24
7.88,1,3,1,69.7,8.7,7.1,6.8,5.1,1,7.0,5.6,5.0,Yes,Female,MECH,0,0.0
7.18,1,4,3,48.8,8.2,6.8,10.0,6.2,1,4.4,4.0,3.5,Yes,Female,ECE,1,10.79
8.11,1,2,0,63.3,6.2,10.0,9.1,6.5,0,4.4,10.0,4.6,No,Male,CSE,1,13.97
7.87,2,2,6,69.4,6.3,4.9,4.9,6.0,1,6.2,7.0,3.4,Yes,Male,EEE,0,0.0
7.33,2,4,3,85.2,4.8,4.3,8.2,6.7,0,9.4,5.0,7.5,Yes,Male,CSE,1,7.49
6.55,4,2,0,74.9,5.2,3.5,5.3,5.5,0,2.4,5.8,6.3,Yes,Female,MECH,1,5.07
5.89,0,4,1,63.4,4.4,6.6,4.6,6.2,1,1.4,0.1,10.0,No,Male,IT,0,0.0
6.95,2,0,1,61.9,5.9,5.5,4.2,6.5,0,5.0,7.6,4.3,Yes,Male,ECE,1,6.57
8.26,2,1,1,67.0,6.3,7.4,5.9,8.2,1,7.6,6.1,4.5,No,Male,CIVIL,1,12.2
7.61,2,1,2,74.3,3.7,4.9,7.9,8.6,0,5.6,4.8,7.9,No,Male,CSE,0,0.0
6.15,2,2,0,50.1,7.3,7.0,6.6,6.5,0,3.2,6.2,6.1,No,Female,CSE,0,0.0
7.57,0,4,1,76.5,4.8,5.1,7.2,8.0,1,5.7,6.4,3.0,Yes,Female,CSM (AI/ML),0,0.0
7.79,1,2,2,47.0,6.9,5.5,1.6,5.3,0,2.0,4.1,6.5,No,Female,MECH,0,0.0
6.52,1,5,1,69.3,7.5,5.7,6.1,9.5,1,6.8,5.8,6.1,Yes,Female,ECE,1,9.14
7.55,1,1,5,70.7,8.3,2.6,4.8,6.0,1,4.9,7.2,1.1,No,Male,CSM (AI/ML),1,8.15
7.46,0,2,4,51.3,8.0,5.5,4.0,6.3,0,5.3,6.0,3.7,No,Male,CSE,1,9.66
6.26,1,2,2,37.3,8.9,6.9,4.6,7.0,0,6.4,4.5,5.6,Yes,Male,MECH,0,0.0
7.76,1,5,1,57.8,7.5,3.9,6.5,7.5,0,5.9,5.6,8.5,Yes,Male,CSE,1,8.57
7.96,1,2,3,19.9,6.5,9.4,7.4,6.1,0,4.4,7.9,6.8,Yes,Male,CSM (AI/ML),1,12.84
8.48,0,2,2,59.1,5.4,5.8,5.0,3.5,1,7.6,6.6,3.9,Yes,Female,CSE,1,8.95
8.45,0,1,2,42.0,6.0,4.6,7.3,7.2,1,7.1,2.6,3.6,No,Female,CSE,0,0.0
6.02,0,0,2,100.0,8.8,4.6,7.6,5.0,1,2.0,6.2,7.0,No,Female,CSE,1,5.84
6.46,1,1,6,78.9,5.9,8.4,6.9,7.4,0,5.0,6.0,0.0,Yes,Male,ECE,1,11.01
7.92,3,1,1,63.2,6.2,4.2,5.1,7.4,0,3.3,7.4,3.3,Yes,Male,CSM (AI/ML),1,9.37
7.91,1,0,0,83.3,8.6,6.4,5.7,6.6,0,3.0,5.1,8.4,Yes,Female,ECE,1,9.83
7.92,1,3,0,73.3,5.8,7.5,6.9,7.6,0,6.6,4.2,5.9,Yes,Female,MECH,1,10.69
10.0,3,2,0,43.4,4.9,6.9,5.3,5.6,0,4.7,2.1,3.5,No,Male,CIVIL,1,10.67
7.97,1,1,2,52.0,8.0,4.7,7.4,8.2,3,5.2,3.5,2.4,Yes,Male,CSE,0,0.0
8.54,0,4,4,78.5,4.9,7.4,4.7,6.5,1,4.2,7.5,7.1,No,Male,CSE,1,12.24
8.35,1,3,1,46.6,6.8,6.1,7.0,6.0,1,6.2,5.4,5.4,No,Female,CSM (AI/ML),1,7.89
8.05,0,3,0,68.3,6.6,2.5,7.8,7.9,0,6.9,4.8,4.7,No,Male,ECE,1,4.28
7.08,0,2,2,72.8,6.7,8.1,6.7,5.4,0,9.8,7.7,6.1,Yes,Male,CSE,1,11.53
8.16,3,1,0,57.8,2.3,4.6,4.9,3.4,1,5.1,7.3,5.6,No,Female,EEE,0,0.0
6.63,0,4,0,64.4,7.4,5.5,4.0,4.6,2,2.6,3.5,5.4,Yes,Female,ECE,1,7.82
7.16,1,1,2,75.3,6.1,6.4,4.7,8.3,0,4.5,7.5,2.2,No,Male,MECH,0,0.0
6.91,0,4,0,74.5,7.2,4.8,7.1,6.6,1,7.2,1.5,2.8,Yes,Male,CSM (AI/ML),0,0.0
7.48,2,1,1,69.2,7.0,7.2,6.1,6.5,2,4.0,6.0,6.9,Yes,Female,CSM (AI/ML),1,8.9
9.71,0,5,1,61.8,6.7,3.7,5.5,7.6,0,2.5,5.7,6.5,No,Male,MECH,1,9.82
5.53,0,2,3,71.4,5.6,4.7,7.0,6.7,2,4.0,7.4,6.1,Yes,Male,CSE,1,4.89
8.09,0,2,1,29.7,5.6,8.1,3.4,5.9,0,4.4,5.8,3.9,Yes,Female,CSM (AI/ML),0,0.0
5.79,2,2,2,85.6,6.1,5.8,6.0,5.7,1,3.3,4.5,7.0,Yes,Female,CSE,0,0.0
6.93,1,4,3,59.9,6.5,3.8,4.7,4.7,2,5.9,4.7,4.3,Yes,Male,ECE,0,0.0
8.49,1,2,1,50.2,5.5,5.9,4.4,4.8,0,5.3,10.0,8.2,Yes,Female,CIVIL,1,10.58
7.46,3,2,2,71.6,7.7,6.6,5.6,6.5,1,7.1,5.2,3.5,Yes,Male,CSE,0,0.0
6.32,1,2,2,71.1,5.7,2.8,10.0,6.1,0,4.6,6.3,4.0,Yes,Female,ECE,0,0.0
6.68,0,2,0,46.4,4.6,8.9,7.3,7.0,0,6.6,0.8,4.9,Yes,Female,CIVIL,1,8.33
8.08,0,4,4,63.1,7.2,9.2,4.7,6.2,0,4.5,3.3,7.1,No,Female,ECE,1,15.24
6.67,1,0,3,62.6,9.2,6.0,8.2,4.8,2,3.2,6.1,5.1,Yes,Female,CSM (AI/ML),0,0.0
7.62,2,4,3,61.6,4.3,5.4,4.4,6.6,0,4.4,1.6,5.3,No,Female,IT,0,0.0
7.45,1,1,2,88.0,6.0,5.8,8.7,6.6,0,2.3,6.2,4.3,Yes,Female,CSE,0,0.0
6.75,0,1,3,61.7,7.9,7.5,5.1,6.3,0,9.1,3.5,5.8,No,Male,CSE,1,9.4
9.54,1,4,1,59.9,7.1,6.7,6.6,6.5,1,5.8,2.8,5.0,Yes,Male,CIVIL,1,12.3
8.03,1,2,1,51.1,7.2,6.3,9.5,9.1,2,3.9,3.5,3.4,Yes,Male,CSM (AI/ML),0,0.0
5.37,0,6,1,48.8,6.2,8.4,5.9,4.6,0,4.7,8.2,5.5,No,Male,MECH,1,8.84
7.59,1,4,3,68.3,1.9,7.9,9.2,5.0,0,0.6,5.7,5.5,Yes,Male,CSM (AI/ML),1,7.94
6.74,0,3,2,54.5,6.6,4.0,6.3,3.9,0,8.4,3.1,10.0,Yes,Male,MECH,0,0.0
8.25,1,3,2,59.0,6.8,7.5,6.3,6.4,0,8.2,6.6,3.8,Yes,Female,EEE,0,0.0
6.61,1,3,4,65.2,8.0,8.0,5.1,3.6,0,5.7,6.7,3.3,Yes,Male,ECE,1,13.99
7.29,0,2,3,63.0,5.0,6.3,8.5,6.6,1,6.1,4.2,5.8,No,Male,ECE,0,0.0
7.9,1,4,1,64.2,8.9,6.9,5.7,6.2,1,3.0,7.0,2.9,No,Male,CSE,0,0.0
8.27,1,2,1,64.1,5.7,5.2,9.3,5.5,0,3.1,7.1,2.7,Yes,Male,CSE,0,0.0
6.2,0,2,2,72.0,5.4,3.5,5.5,7.0,0,2.1,6.8,1.9,Yes,Female,EEE,0,0.0
7.07,1,1,1,100.0,5.0,9.4,5.7,6.7,0,5.2,3.6,3.4,Yes,Male,CIVIL,1,11.58
6.93,3,2,1,81.7,7.9,3.3,7.9,8.5,0,7.6,2.5,3.5,Yes,Male,MECH,1,5.65
6.75,0,5,1,56.2,4.4,9.0,6.2,7.2,1,4.7,1.4,2.2,Yes,Female,CIVIL,0,0.0
9.17,0,4,0,81.4,7.2,5.7,6.8,6.2,1,6.2,3.6,4.6,No,Male,CIVIL,1,9.37
7.8,3,1,1,45.1,4.9,8.2,4.4,3.1,2,7.5,4.2,0.0,Yes,Male,MECH,0,0.0
6.14,1,1,2,52.9,6.1,5.8,6.6,7.6,3,2.3,4.4,6.3,No,Male,CIVIL,0,0.0
8.32,3,0,2,73.3,3.8,7.6,7.0,7.6,0,9.2,4.9,3.9,Yes,Female,CSE,1,9.67
9.52,2,1,2,72.8,7.5,6.7,9.0,8.2,2,7.8,8.6,4.3,No,Female,MECH,1,10.71
8.43,4,3,1,71.6,6.0,4.5,5.7,3.1,1,6.5,4.3,6.5,No,Female,MECH,1,10.31
5.88,0,2,4,52.6,7.1,6.1,6.9,6.6,0,7.3,4.9,6.1,Yes,Male,CSE,0,0.0
6.92,1,4,2,52.7,5.9,5.5,8.2,7.2,1,7.4,1.2,3.8,No,Male,CIVIL,1,6.87
8.67,2,3,1,64.1,7.0,7.0,6.5,8.0,1,6.1,9.7,6.2,Yes,Male,CSE,0,0.0
6.69,1,3,0,58.0,6.1,6.1,8.0,7.1,0,8.4,2.2,8.8,Yes,Male,CSM (AI/ML),1,8.75
7.84,1,6,1,76.2,7.4,6.3,10.0,6.4,0,4.6,3.5,2.9,Yes,Male,CSE,1,12.48
8.17,1,2,0,57.6,7.1,3.9,6.4,4.9,1,6.4,6.5,6.9,Yes,Male,ECE,1,7.67
6.47,1,6,1,57.1,6.5,3.4,8.4,6.1,0,8.1,5.5,2.6,Yes,Female,CSM (AI/ML),1,7.86
7.34,1,1,1,36.0,4.8,5.9,7.2,6.8,2,0.1,8.5,7.9,Yes,Female,EEE,0,0.0
4.5,2,4,3,76.0,5.5,6.1,7.7,7.4,0,6.4,6.5,3.6,Yes,Male,MECH,1,6.19
6.38,0,0,2,67.2,5.0,3.8,7.5,4.1,0,6.9,4.8,3.5,Yes,Female,MECH,0,0.0
7.15,0,2,2,25.4,8.5,6.9,8.0,6.7,1,2.1,7.2,7.8,No,Female,MECH,1,8.65
6.15,1,5,0,69.1,7.4,7.0,7.9,4.2,1,6.1,7.4,6.9,No,Female,CSE,1,8.88
9.03,2,1,1,55.6,6.3,6.1,6.3,6.7,0,3.9,3.6,3.6,Yes,Male,CSM (AI/ML),1,12.59
5.97,0,4,2,74.4,5.3,5.8,5.6,4.7,0,6.3,7.0,5.5,No,Female,MECH,0,0.0
6.96,1,1,1,60.3,4.9,3.4,7.0,4.3,0,5.3,4.5,3.6,No,Female,EEE,1,2.62
7.53,2,4,1,49.1,6.4,3.4,4.2,8.8,0,3.6,4.8,1.5,Yes,Female,EEE,0,0.0
8.84,3,3,1,89.7,9.1,6.5,7.3,4.4,1,7.7,5.3,5.6,Yes,Female,CSE,1,15.55
5.96,0,1,1,87.2,6.2,4.2,7.5,5.4,0,4.7,4.2,4.4,No,Male,CSM (AI/ML),1,2.5
8.56,0,0,1,59.0,8.1,4.4,6.1,6.3,0,6.0,4.1,3.0,No,Male,IT,1,8.46
7.41,1,2,1,68.0,6.6,6.3,6.5,3.4,1,8.1,7.1,8.2,No,Female,CIVIL,0,0.0
6.42,2,2,0,54.7,7.1,9.7,7.8,7.4,3,3.7,1.8,3.1,Yes,Male,CSE,0,0.0
7.86,1,2,3,34.7,5.4,5.0,7.5,5.3,0,5.5,2.8,5.5,No,Male,ECE,1,7.45
7.6,1,3,2,83.1,5.9,9.7,7.8,4.9,0,4.5,6.4,7.7,Yes,Male,ECE,1,11.77
6.8,0,1,2,49.2,4.9,5.7,7.6,7.6,0,5.0,4.8,4.6,No,Female,CSM (AI/ML),1,5.22
7.47,0,1,3,82.4,6.7,6.9,6.6,4.4,0,9.8,7.1,3.5,No,Male,ECE,0,0.0
7.01,1,1,1,73.2,5.8,7.6,6.4,6.9,1,6.4,5.8,5.9,Yes,Female,EEE,1,11.03
7.51,1,3,1,66.6,6.8,7.8,7.0,6.3,1,6.1,2.2,6.2,No,Female,IT,0,0.0
8.06,2,2,3,61.3,4.6,6.4,8.6,6.4,0,6.5,5.1,7.2,No,Male,CIVIL,1,9.15
8.99,1,1,1,73.2,6.9,5.4,6.8,6.2,0,6.4,6.1,9.5,Yes,Female,CIVIL,1,8.44
6.16,1,0,5,47.1,6.5,7.4,8.4,6.5,1,1.8,5.5,4.1,Yes,Male,EEE,1,9.01
9.53,0,3,0,83.4,6.4,6.6,3.4,3.1,2,10.0,4.0,5.7,No,Male,CSE,1,9.33
5.45,0,5,1,64.3,6.8,5.0,6.9,5.1,0,2.6,4.4,2.3,No,Female,CSM (AI/ML),0,0.0
7.25,2,3,1,85.9,5.8,8.5,6.5,5.0,1,9.0,3.8,6.7,No,Male,ECE,0,0.0
7.99,4,5,2,60.0,10.0,6.7,3.9,7.9,0,6.7,2.2,5.6,Yes,Male,CIVIL,1,17.64
7.68,2,3,2,64.3,6.9,4.4,4.1,6.5,0,5.9,1.9,4.8,Yes,Male,IT,0,0.0
6.78,0,2,1,66.2,6.4,4.2,7.1,6.3,1,4.9,5.8,3.8,Yes,Female,CSM (AI/ML),0,0.0
7.19,0,2,1,71.2,7.4,9.5,6.6,8.9,2,10.0,3.2,4.4,No,Male,CSM (AI/ML),0,0.0
6.91,2,1,3,91.0,5.4,4.9,7.6,3.5,0,6.7,6.2,5.7,No,Male,CSM (AI/ML),1,6.49
6.81,1,3,1,55.0,5.3,7.2,2.5,8.3,1,5.5,3.8,3.0,No,Female,ECE,1,9.62
8.25,0,4,5,60.0,7.5,6.5,8.0,6.3,1,4.4,2.2,4.5,No,Male,CSE,1,10.3
7.76,1,3,1,61.7,7.6,7.2,8.0,5.2,1,4.2,4.1,5.2,Yes,Male,CIVIL,1,10.5
6.71,0,3,3,25.0,8.1,9.4,4.3,5.6,1,5.6,9.4,1.7,Yes,Female,CSM (AI/ML),0,0.0
8.3,2,5,3,53.1,3.9,7.7,8.5,5.6,0,3.6,4.8,2.8,No,Female,IT,1,13.11
7.71,2,3,1,54.2,6.0,7.4,9.1,8.4,0,6.9,6.4,3.7,No,Female,CSE,1,11.28
8.21,0,5,1,100.0,6.7,5.4,4.4,6.6,0,4.2,5.4,8.8,Yes,Female,CSE,1,8.77
8.03,1,5,1,66.1,7.4,4.5,6.6,7.3,0,7.5,2.0,3.3,Yes,Male,ECE,0,0.0
6.57,3,2,1,69.9,7.0,10.0,6.7,5.3,1,7.5,8.0,5.1,Yes,Female,CIVIL,1,14.76
6.84,2,0,2,38.5,4.8,5.7,3.7,6.5,1,5.4,4.5,2.8,Yes,Male,CSM (AI/ML),0,0.0
8.15,0,3,3,61.0,7.0,5.6,5.9,7.6,0,6.7,2.2,3.4,Yes,Male,MECH,1,8.05
8.01,0,4,2,77.0,6.7,6.3,8.5,7.9,0,6.8,3.9,1.9,Yes,Male,CSM (AI/ML),1,11.56
7.38,1,2,0,100.0,6.7,6.2,5.1,4.4,0,2.6,4.6,6.7,Yes,Female,CIVIL,1,6.82
7.52,0,4,0,51.1,4.4,8.8,9.1,7.4,0,9.0,6.6,2.2,Yes,Male,CSE,1,10.9
8.68,1,0,0,33.0,4.7,6.8,7.0,6.1,0,5.0,3.6,7.3,No,Male,ECE,0,0.0
6.81,1,1,4,49.6,9.1,3.3,5.2,6.8,0,6.9,10.0,6.3,Yes,Male,CSE,0,0.0
7.95,2,2,0,49.7,7.8,4.5,6.5,5.6,0,6.9,3.0,5.0,Yes,Male,CSE,0,0.0
7.2,1,2,0,49.8,6.1,5.8,4.2,8.4,0,0.5,6.3,7.4,Yes,Female,CSM (AI/ML),1,6.78
7.18,1,2,1,76.5,6.1,7.7,7.0,6.7,0,4.2,0.9,10.0,Yes,Male,CSM (AI/ML),1,11.09
8.5,0,4,3,67.5,9.8,2.9,6.1,5.5,1,7.2,4.7,6.3,Yes,Female,MECH,0,0.0
8.23,0,4,2,43.9,6.3,6.7,5.8,5.6,0,5.6,5.8,2.6,Yes,Female,MECH,0,0.0
8.21,1,1,1,84.7,6.0,7.2,4.2,7.5,0,6.9,2.6,8.6,Yes,Female,CSM (AI/ML),1,9.71
8.71,1,0,0,92.3,4.9,7.5,6.3,7.3,0,5.7,8.1,5.6,Yes,Female,IT,1,9.0
7.42,1,2,1,34.7,5.8,5.6,6.7,6.4,1,8.0,5.9,10.0,Yes,Male,IT,0,0.0
8.08,1,3,2,80.8,3.5,7.8,4.3,5.8,0,5.7,4.3,4.0,Yes,Male,CIVIL,0,0.0
7.09,1,1,1,59.3,7.0,4.3,8.0,7.6,1,8.3,5.9,8.1,No,Female,ECE,0,0.0
7.72,1,2,1,46.9,8.2,7.6,6.8,5.6,0,3.5,3.8,5.2,No,Female,CSM (AI/ML),1,11.03
7.27,3,1,2,38.7,8.2,5.7,5.1,5.5,0,5.2,7.6,10.0,Yes,Male,CSM (AI/ML),0,0.0
7.5,1,2,1,54.8,5.1,5.9,6.3,9.8,0,4.3,7.1,4.6,No,Female,CSE,0,0.0
8.0,0,1,1,53.7,2.5,5.9,7.7,6.8,0,6.3,5.8,10.0,Yes,Male,EEE,0,0.0
6.58,3,2,0,64.4,6.7,7.0,8.5,6.2,1,4.9,6.3,6.2,Yes,Male,ECE,1,11.58
9.49,0,4,2,96.3,8.3,3.7,8.8,5.7,1,5.0,1.9,7.1,Yes,Male,EEE,0,0.0
6.39,1,4,0,53.9,3.6,7.5,9.1,6.0,1,4.1,8.1,9.1,No,Male,ECE,1,4.89
6.19,3,3,3,39.5,5.6,7.5,4.4,8.0,1,4.6,4.8,3.4,Yes,Male,CSE,0,0.0
8.56,1,1,1,56.7,6.8,5.2,5.3,7.5,0,5.5,7.2,7.4,Yes,Male,EEE,1,10.28
8.19,2,2,1,78.7,4.9,5.8,4.3,5.4,2,1.5,6.6,4.5,Yes,Male,CSM (AI/ML),0,0.0
8.02,1,0,2,58.0,3.4,4.2,8.0,5.8,0,0.9,7.1,5.5,Yes,Female,ECE,0,0.0
8.03,0,2,0,72.4,5.0,3.6,6.1,4.5,1,5.6,2.8,5.4,No,Male,CSM (AI/ML),0,0.0
7.39,0,1,3,64.7,5.3,6.2,8.3,6.7,1,0.0,3.1,6.5,No,Male,CSE,1,7.22
6.5,1,1,2,63.0,3.2,6.2,4.3,1.0,1,5.1,9.7,6.4,Yes,Female,CIVIL,0,0.0
7.48,2,3,4,87.4,7.9,5.2,5.4,4.1,0,4.7,1.8,3.9,No,Male,CSE,0,0.0
6.72,1,2,1,46.5,8.7,3.4,5.2,6.4,0,6.6,2.7,5.5,No,Female,ECE,0,0.0
8.38,0,2,1,45.3,6.2,6.7,8.3,2.6,0,4.2,5.1,0.0,Yes,Female,CIVIL,1,10.0
7.25,1,3,2,47.5,7.4,5.1,7.5,9.5,0,8.6,5.1,7.5,Yes,Male,CSE,1,8.87
6.57,1,1,2,67.5,3.8,4.4,3.4,5.1,1,7.2,3.9,9.1,Yes,Male,CSM (AI/ML),0,0.0
7.08,2,6,1,62.9,6.0,8.2,5.7,7.0,0,2.5,6.3,5.6,No,Male,CSM (AI/ML),1,13.97
7.81,3,3,2,73.4,5.3,3.9,7.8,8.1,0,4.9,6.9,1.5,No,Female,CSE,1,7.94
6.84,4,5,1,60.8,6.9,6.9,8.1,6.7,1,8.6,5.0,6.9,Yes,Female,CSM (AI/ML),1,12.28
6.58,1,1,1,58.9,1.9,3.0,7.0,6.3,3,4.1,4.4,3.4,Yes,Male,ECE,0,0.0
7.64,2,4,1,67.3,5.7,3.1,6.7,5.5,1,5.4,5.0,5.6,Yes,Male,CSE,0,0.0
7.64,2,1,4,89.1,7.2,6.7,5.0,4.5,1,8.3,4.0,6.8,Yes,Male,ECE,1,12.1
6.89,3,2,3,43.4,6.6,5.2,8.0,5.6,1,4.4,1.4,6.5,Yes,Female,CSE,1,11.72
6.93,2,1,2,47.3,7.5,3.6,4.6,6.4,0,7.7,5.6,7.7,Yes,Male,CIVIL,1,7.69
7.63,2,3,4,62.7,5.2,7.6,4.0,6.3,0,3.7,6.6,5.5,Yes,Female,EEE,0,0.0
5.95,0,3,2,94.5,1.7,6.5,6.7,5.0,0,0.0,4.7,5.6,Yes,Female,CSE,1,4.2
5.99,1,3,3,44.9,8.0,1.8,5.7,7.8,2,8.0,0.2,6.9,Yes,Female,MECH,0,0.0
6.68,0,0,3,61.8,7.4,7.6,7.5,4.3,0,6.4,3.8,5.0,Yes,Female,CSM (AI/ML),1,8.91
7.19,0,2,3,48.0,8.7,3.8,7.1,7.1,0,6.5,6.9,3.6,Yes,Male,CSE,0,0.0
7.71,0,2,4,68.4,6.3,2.6,9.0,7.5,0,3.3,2.0,6.2,Yes,Female,CSE,0,0.0
8.88,3,2,1,29.0,6.9,4.2,7.0,6.6,0,3.5,6.5,2.6,Yes,Female,ECE,1,10.85
8.26,1,3,3,45.4,9.9,5.7,8.0,8.6,1,7.8,4.1,5.0,Yes,Male,CSE,1,13.3
7.24,2,4,1,82.5,3.2,5.9,5.1,6.9,2,6.0,5.0,2.0,No,Male,CSE,0,0.0
7.38,1,2,4,62.1,6.9,2.7,7.5,8.2,1,5.3,3.6,3.9,No,Male,EEE,0,0.0
6.4,1,2,0,50.1,8.1,3.1,6.0,2.6,0,5.9,2.6,4.0,Yes,Female,IT,1,6.36
7.38,2,4,4,61.3,6.5,4.4,5.7,7.6,1,8.5,8.0,2.9,Yes,Female,ECE,0,0.0
7.11,0,2,4,61.0,6.3,4.5,5.0,7.1,0,6.9,6.7,7.7,Yes,Female,CSM (AI/ML),0,0.0
7.72,1,2,2,71.0,3.8,7.2,8.7,7.0,0,4.6,6.4,7.5,No,Female,IT,1,8.2
6.57,1,2,0,28.8,8.5,5.0,6.4,7.2,1,2.7,6.9,8.2,Yes,Male,CSE,1,6.93
7.92,0,1,0,45.4,7.9,7.2,5.2,5.6,1,6.7,6.1,4.8,No,Female,CSE,1,10.66
8.93,1,0,2,46.7,8.3,7.9,7.4,7.4,1,3.7,7.0,4.2,Yes,Female,CIVIL,0,0.0
7.29,0,2,0,72.1,6.2,6.9,5.7,8.8,1,3.1,3.6,7.0,No,Male,EEE,0,0.0
7.8,0,5,2,61.9,5.7,1.0,5.2,3.7,2,8.1,7.9,5.5,No,Female,CSE,0,0.0
8.09,1,4,2,85.0,6.2,5.2,10.0,8.0,0,7.2,7.7,5.5,No,Male,EEE,1,9.52
7.0,1,3,1,75.3,8.9,5.5,4.6,6.1,0,6.3,5.8,0.0,Yes,Female,MECH,1,10.29
7.62,1,4,1,56.5,5.8,5.7,9.2,5.4,0,3.0,4.4,6.9,No,Male,CSE,1,10.85
7.41,0,1,0,61.2,8.6,1.8,5.2,4.6,0,9.1,2.4,6.6,Yes,Female,CSM (AI/ML),0,0.0
7.5,2,0,2,82.7,6.0,4.3,7.3,6.8,1,7.6,5.5,5.2,Yes,Male,CSE,0,0.0
6.63,0,2,0,84.9,4.8,3.2,6.2,8.5,1,4.9,8.5,7.1,Yes,Male,EEE,0,0.0
7.42,0,1,2,60.5,2.9,4.0,7.5,5.8,0,4.5,2.6,6.6,No,Male,EEE,0,0.0
7.9,2,1,1,46.2,7.1,5.3,4.3,7.2,4,5.7,7.1,3.6,No,Male,CSE,0,0.0
8.85,0,1,1,28.4,7.4,4.4,4.1,6.3,3,4.5,4.0,4.7,Yes,Male,EEE,1,6.07
8.36,3,3,1,28.4,4.4,4.2,7.6,4.0,1,9.9,4.2,2.9,No,Male,EEE,0,0.0
9.55,0,3,1,69.6,8.6,5.4,3.7,6.0,0,4.7,2.5,8.6,Yes,Female,CSE,1,11.34
6.63,1,1,1,69.2,4.0,4.9,4.6,5.4,0,3.4,3.4,7.4,Yes,Male,ECE,1,4.88
8.27,0,2,2,51.2,7.3,6.2,6.3,4.9,1,8.7,6.4,3.3,Yes,Male,ECE,1,8.9
7.58,1,2,2,82.8,7.4,5.0,4.5,5.7,1,4.4,6.6,6.6,Yes,Female,CSM (AI/ML),1,7.68
9.59,1,1,2,58.7,7.9,2.8,4.6,5.9,0,7.1,5.5,5.8,Yes,Female,CIVIL,1,9.37
6.59,0,2,0,52.6,3.0,3.8,5.8,7.7,0,6.9,3.9,3.6,No,Male,CSM (AI/ML),0,0.0
6.56,1,4,4,80.7,7.9,5.2,3.1,6.3,0,5.4,2.7,5.5,Yes,Male,CSE,1,10.63
6.8,2,4,3,78.6,6.0,4.9,4.3,4.3,1,3.6,5.1,7.2,Yes,Male,EEE,1,7.25
5.28,1,5,2,61.2,5.7,3.1,8.4,8.0,0,5.4,4.2,7.4,Yes,Male,ECE,1,5.4
6.87,2,1,2,70.3,7.5,7.1,7.8,6.8,0,3.2,5.4,10.0,No,Male,IT,0,0.0
6.64,0,3,0,72.3,7.7,6.4,9.8,6.7,0,5.5,4.3,5.4,No,Female,CSE,1,10.27
7.55,2,2,0,96.8,3.0,4.7,7.3,7.5,1,7.0,4.4,4.7,No,Male,CSM (AI/ML),0,0.0
7.74,0,1,2,59.9,4.1,5.5,8.4,6.3,0,8.9,5.3,6.5,Yes,Male,ECE,1,6.24
9.28,0,1,1,43.1,8.1,3.8,5.8,5.5,0,3.3,5.7,4.8,Yes,Male,CIVIL,1,8.02
8.35,2,2,0,72.0,7.0,7.4,6.1,6.8,1,5.0,7.6,3.9,Yes,Female,CSM (AI/ML),1,11.91
6.82,1,1,2,63.0,6.5,9.7,7.0,7.2,0,4.5,4.3,3.1,Yes,Female,MECH,1,12.0
6.5,1,1,3,63.8,4.6,4.6,3.6,6.8,2,6.0,6.1,0.0,No,Female,CSE,0,0.0
7.89,0,2,1,61.5,6.9,8.1,7.2,7.4,0,2.5,8.8,6.9,Yes,Female,CSM (AI/ML),1,10.88
6.08,1,1,1,36.5,8.2,4.2,5.5,6.4,0,3.6,6.2,1.4,No,Male,CSE,0,0.0
9.23,1,4,1,66.2,9.9,4.8,5.7,4.9,1,2.1,7.4,3.2,No,Female,IT,1,12.54
8.58,1,1,1,56.3,5.6,8.5,7.9,5.4,0,2.6,3.7,5.9,Yes,Female,CSE,1,11.37
6.93,1,1,2,57.1,7.6,5.6,4.1,8.2,0,4.2,3.5,4.5,Yes,Male,CSM (AI/ML),0,0.0
5.69,3,3,3,55.6,9.2,7.1,6.5,6.3,2,8.8,4.7,10.0,Yes,Female,CSE,1,12.9
8.75,0,3,2,61.4,3.9,5.3,7.1,4.7,0,6.2,4.9,1.7,Yes,Male,IT,1,7.53
7.29,0,1,1,66.2,9.1,2.4,5.6,4.6,1,5.6,7.2,10.0,No,Female,EEE,1,5.44
8.64,1,2,2,61.5,6.5,10.0,6.5,4.4,0,8.2,3.5,8.4,Yes,Male,IT,1,16.19
5.81,1,3,2,80.5,6.3,5.4,6.5,7.5,1,6.3,4.8,7.3,No,Male,CSE,1,7.88
6.8,0,2,0,74.1,5.3,6.1,7.7,6.7,0,6.5,7.3,8.5,Yes,Male,CSE,0,0.0
7.41,1,3,1,60.8,5.6,4.4,6.1,8.9,1,4.6,5.5,6.1,Yes,Female,CSM (AI/ML),1,7.15
7.45,0,2,3,45.4,5.0,7.3,4.5,7.1,1,4.2,5.0,1.3,No,Male,EEE,0,0.0
6.95,1,0,2,71.3,4.7,7.1,5.5,7.2,2,2.9,5.5,6.4,Yes,Male,CSM (AI/ML),1,7.32
8.02,2,3,3,57.0,6.9,2.8,5.9,9.1,0,4.3,2.6,1.8,Yes,Female,EEE,1,8.92
6.33,0,1,2,59.3,8.0,6.1,5.2,4.9,0,4.9,2.6,4.0,Yes,Female,CSE,1,8.83
7.26,1,4,0,40.9,4.5,7.5,6.7,4.2,1,6.2,1.7,5.0,Yes,Male,ECE,1,7.73
7.52,3,3,1,68.6,5.1,8.1,6.6,7.1,1,5.4,5.4,3.1,No,Male,CSM (AI/ML),1,10.26
7.91,1,4,4,100.0,6.6,7.0,6.5,6.0,0,4.8,6.9,7.4,No,Female,ECE,1,12.38
8.11,1,3,2,53.9,4.4,7.2,5.1,6.7,0,3.7,6.6,4.7,Yes,Female,ECE,1,8.83
6.28,1,0,2,72.0,6.6,4.8,6.6,8.0,0,6.3,7.4,6.1,Yes,Female,CSE,1,7.43
5.87,0,2,1,81.9,5.8,3.5,8.3,7.4,2,4.5,8.1,5.2,Yes,Female,IT,0,0.0
8.68,1,2,0,53.6,3.6,5.2,6.8,8.4,1,6.2,5.3,5.5,Yes,Male,MECH,1,7.32
7.73,4,2,3,23.2,7.0,3.4,8.0,5.0,2,1.7,4.9,3.2,Yes,Female,CSM (AI/ML),1,8.8
6.65,1,1,1,73.1,5.3,4.4,6.6,7.6,0,6.2,8.1,2.5,Yes,Male,ECE,0,0.0
8.95,1,2,1,63.3,7.8,4.4,5.4,5.2,2,7.0,3.5,4.8,No,Male,CSE,1,8.27
7.52,1,3,2,67.0,5.9,4.0,7.7,8.6,2,6.7,2.5,3.0,No,Male,ECE,0,0.0
8.58,0,3,0,62.9,5.1,6.8,4.3,6.9,1,5.1,4.3,8.4,Yes,Female,CSM (AI/ML),0,0.0
7.47,2,1,3,80.6,6.1,3.9,5.6,7.0,0,7.3,4.0,2.0,Yes,Male,CSM (AI/ML),0,0.0
9.46,3,5,0,60.4,8.2,9.3,6.2,5.5,1,3.0,5.1,10.0,Yes,Female,MECH,1,16.82
9.16,1,0,2,96.7,9.1,7.7,7.4,5.6,0,5.3,3.2,5.9,Yes,Male,CSE,1,13.95
7.15,1,2,1,73.2,7.1,8.1,8.3,6.9,1,5.1,5.8,5.4,No,Female,CSE,1,11.05
8.37,2,0,2,78.2,5.3,4.5,7.7,8.7,2,7.6,3.8,4.0,Yes,Male,ECE,1,7.24
8.05,0,4,2,62.1,6.3,6.2,7.5,8.5,0,1.5,7.6,6.7,Yes,Female,EEE,1,10.03
8.77,1,1,1,67.0,6.0,3.8,7.7,6.8,1,3.4,2.5,4.7,Yes,Female,CSE,1,6.04
6.44,1,2,0,35.0,6.0,6.2,7.9,5.7,0,9.0,4.7,5.9,No,Male,ECE,0,0.0
8.09,0,2,2,52.8,5.8,2.4,4.7,7.1,2,0.6,4.3,7.1,Yes,Female,CSM (AI/ML),0,0.0
8.46,3,1,0,79.2,4.7,7.8,9.7,8.1,1,7.1,5.5,6.7,No,Female,MECH,1,10.5
5.64,2,4,2,60.9,7.8,4.6,8.1,6.6,0,4.1,6.9,8.1,Yes,Male,ECE,0,0.0
6.22,2,5,2,44.0,7.6,6.4,6.1,5.8,1,6.0,5.6,6.4,No,Male,MECH,1,8.56
5.36,0,3,2,51.1,6.2,6.7,7.0,7.3,0,8.3,4.7,3.0,Yes,Female,CSM (AI/ML),0,0.0
7.13,1,1,2,50.9,8.2,4.7,4.4,6.0,2,6.1,6.5,0.4,No,Male,MECH,0,0.0
8.12,1,4,0,61.4,7.1,4.3,6.0,5.8,1,8.4,6.8,5.7,No,Male,EEE,0,0.0
8.9,2,2,0,48.7,4.4,5.6,5.9,6.2,0,4.5,5.6,5.7,Yes,Female,MECH,0,0.0
7.47,0,4,2,84.8,5.6,7.3,5.8,7.2,0,4.8,5.8,9.6,Yes,Male,MECH,1,10.42
9.03,0,2,1,65.3,8.6,5.5,7.6,6.0,0,7.1,6.4,4.9,Yes,Female,ECE,1,8.87
6.02,2,2,1,39.7,5.6,6.9,6.6,6.2,0,4.6,1.5,6.1,No,Male,CSM (AI/ML),1,6.76
5.7,1,2,3,86.6,5.1,7.3,4.6,6.5,1,6.7,4.3,7.0,No,Male,MECH,0,0.0
7.34,2,5,2,61.3,7.4,5.4,4.6,5.8,0,7.9,5.8,6.4,No,Female,CSM (AI/ML),0,0.0
7.78,1,1,3,70.1,5.8,5.6,3.5,8.5,1,7.2,4.4,7.1,No,Female,CSE,0,0.0
7.37,0,6,2,66.9,7.1,6.1,7.7,8.9,1,2.3,4.4,3.3,Yes,Male,CIVIL,1,11.23
5.33,0,5,2,68.7,6.1,8.0,6.1,5.9,0,4.8,5.8,3.0,Yes,Male,CSM (AI/ML),0,0.0
7.31,0,2,1,56.5,4.9,5.1,7.5,5.2,1,6.1,5.8,4.6,Yes,Male,CSE,0,0.0
6.1,1,3,0,67.3,5.1,8.0,10.0,5.7,0,5.0,6.0,0.2,Yes,Female,EEE,1,9.54
8.07,1,3,1,59.6,3.5,6.3,5.1,6.9,0,5.7,3.3,5.1,Yes,Male,CIVIL,0,0.0
7.77,0,4,2,67.8,4.4,4.4,6.9,6.2,0,6.1,2.0,3.7,No,Male,CIVIL,1,7.33
6.46,2,2,3,59.0,7.2,5.7,8.6,4.5,1,4.4,6.7,5.9,No,Female,ECE,1,10.59
6.89,2,6,2,57.4,8.1,3.7,5.7,6.1,1,5.1,3.4,4.6,No,Female,CSE,1,7.84
6.34,1,1,3,38.6,5.2,3.2,5.9,6.9,0,3.1,3.3,2.9,Yes,Female,EEE,0,0.0
7.34,0,3,1,61.9,4.0,7.0,7.2,7.7,2,4.5,3.1,8.2,Yes,Male,ECE,0,0.0
8.36,1,3,1,65.6,8.0,7.3,10.0,8.8,0,2.4,7.4,5.4,Yes,Male,CSE,1,14.99
6.41,2,3,1,91.6,8.1,5.7,7.4,5.7,0,5.7,5.4,7.2,Yes,Male,CIVIL,1,9.26
7.9,1,2,2,69.7,7.4,5.9,5.1,5.4,0,5.1,5.7,5.6,Yes,Female,CSE,1,10.46
6.87,2,5,0,50.4,3.9,4.7,5.3,5.9,0,3.7,6.4,6.3,Yes,Male,CSM (AI/ML),1,6.52
6.61,4,1,1,45.8,7.0,6.1,5.7,5.0,0,9.1,4.9,2.1,Yes,Male,CSE,1,10.8
7.29,0,2,0,66.3,7.1,9.6,3.7,5.3,1,5.0,7.1,8.1,No,Male,CIVIL,1,14.17
6.36,0,2,3,50.1,7.6,7.7,6.2,5.3,1,6.1,2.5,7.2,Yes,Female,CSE,0,0.0
6.85,0,1,1,52.9,6.4,5.7,6.4,6.8,2,4.2,2.7,5.2,Yes,Female,CSM (AI/ML),0,0.0
6.2,2,0,2,50.0,5.0,5.5,6.5,5.1,1,4.7,2.6,5.9,No,Female,CIVIL,0,0.0
9.36,0,3,1,56.7,5.6,5.1,4.2,7.5,2,6.1,5.9,7.5,No,Male,CSE,0,0.0
7.44,1,3,0,73.8,8.1,3.1,6.9,7.9,1,4.8,6.1,4.3,Yes,Female,CSE,1,7.76
6.7,2,3,2,30.2,6.8,4.9,4.9,4.7,0,5.5,4.0,1.6,Yes,Male,CSE,1,9.02
7.61,0,2,0,82.7,4.1,7.1,6.0,4.5,0,7.1,4.5,4.4,No,Male,CSM (AI/ML),0,0.0
7.29,0,3,0,58.7,8.9,4.0,5.3,5.5,0,4.5,7.7,5.6,Yes,Female,CSM (AI/ML),0,0.0
7.18,3,3,1,51.9,8.0,5.3,8.1,5.7,1,2.8,3.5,5.1,No,Male,EEE,1,10.35
8.01,1,0,1,76.2,8.9,3.7,5.4,8.1,1,2.4,5.6,8.2,Yes,Male,CSE,0,0.0
8.16,1,1,3,58.7,8.0,7.3,8.4,6.2,1,8.4,3.6,3.0,Yes,Female,EEE,1,12.29
6.87,0,4,0,45.3,4.7,3.4,6.6,6.9,0,7.4,7.3,3.3,Yes,Male,IT,0,0.0
6.82,1,1,3,37.7,6.7,6.9,7.0,6.9,2,6.8,6.3,2.8,Yes,Male,CIVIL,1,10.63
7.12,0,2,1,73.1,7.2,7.8,6.5,5.1,0,4.6,2.1,6.2,No,Female,EEE,1,11.11
5.1,0,3,3,74.2,4.0,5.2,5.1,5.9,0,2.8,4.5,1.7,Yes,Male,IT,0,0.0
5.88,3,1,2,55.4,4.3,4.5,7.0,6.3,0,4.9,0.6,6.9,No,Male,IT,0,0.0
8.77,1,3,3,83.1,7.4,6.7,5.8,6.8,0,5.3,6.9,3.1,Yes,Female,ECE,1,11.48
9.04,1,2,2,62.6,7.5,8.8,6.9,4.3,0,3.2,9.3,3.4,No,Male,CSE,1,15.64
7.15,1,5,1,83.2,10.0,8.3,7.3,5.5,0,2.6,0.4,9.3,No,Male,CIVIL,1,14.37
7.98,0,1,1,46.7,5.8,5.7,9.3,6.3,1,2.0,2.0,8.0,Yes,Male,CIVIL,1,4.65
7.71,0,1,0,44.7,3.5,4.1,7.1,5.7,1,6.8,5.4,5.5,Yes,Male,CSE,0,0.0
10.0,0,5,1,53.8,6.0,5.4,7.8,4.3,1,3.1,5.0,2.2,Yes,Female,IT,0,0.0
8.52,0,0,1,55.6,7.5,2.6,7.4,5.3,0,6.1,4.1,9.8,Yes,Female,CSM (AI/ML),0,0.0
7.27,0,2,3,80.4,5.6,4.7,6.1,4.4,1,4.7,1.4,4.7,No,Male,CSM (AI/ML),0,0.0
6.44,2,1,1,66.7,6.4,6.7,7.4,8.2,1,6.7,5.7,5.8,Yes,Male,CSM (AI/ML),1,7.7
5.79,4,3,1,49.9,5.2,5.1,6.2,5.9,1,6.2,6.9,7.3,Yes,Male,CSM (AI/ML),0,0.0
7.6,0,1,1,62.2,8.1,4.7,5.8,6.2,1,5.0,10.0,0.7,Yes,Male,ECE,0,0.0
6.64,1,1,3,55.2,7.4,5.7,4.8,4.9,0,5.8,7.7,3.7,Yes,Female,ECE,1,8.84
5.98,1,3,1,49.1,4.9,5.3,7.4,6.6,0,5.3,2.3,5.0,Yes,Male,CSM (AI/ML),0,0.0
6.75,0,3,3,60.7,5.4,7.2,5.5,7.3,0,4.3,5.0,5.5,Yes,Female,CSM (AI/ML),1,9.44
6.32,1,3,3,58.9,5.1,3.3,7.3,5.0,0,7.5,6.2,2.2,Yes,Male,MECH,0,0.0
9.09,2,2,1,49.7,3.2,6.8,6.4,5.0,1,4.7,3.6,6.0,Yes,Female,CSE,1,8.87
8.28,2,2,2,49.6,5.0,5.7,6.0,5.6,1,5.3,6.6,5.3,Yes,Male,IT,1,8.8
7.39,2,1,0,75.0,3.4,6.6,5.1,4.3,1,2.7,6.5,9.0,No,Female,EEE,0,0.0
8.88,0,4,2,68.8,7.7,3.2,8.4,6.8,1,6.0,7.6,7.5,Yes,Female,EEE,0,0.0
7.48,0,4,2,77.1,7.8,7.5,5.8,7.4,0,4.3,6.7,4.6,Yes,Male,CSM (AI/ML),1,11.35
6.54,1,1,2,57.5,5.7,6.8,8.8,4.3,1,4.5,5.6,4.7,No,Female,IT,0,0.0
8.92,1,0,0,44.6,6.5,9.0,5.2,7.5,1,3.8,3.7,7.5,Yes,Female,CSE,0,0.0
7.94,0,3,0,52.8,7.9,4.2,8.7,7.5,0,5.3,2.3,5.9,Yes,Male,CSE,1,7.68
6.36,1,2,2,78.4,7.5,4.7,6.5,2.3,0,1.5,5.5,2.0,Yes,Male,MECH,1,8.37
7.21,1,3,0,36.4,9.4,2.4,7.7,4.8,2,6.9,4.2,10.0,No,Male,MECH,0,0.0
6.52,1,2,2,85.1,6.6,4.2,4.4,5.5,0,5.4,4.4,2.9,Yes,Male,CSE,0,0.0
6.02,0,3,1,44.2,8.5,8.5,4.4,7.1,0,4.6,7.4,10.0,Yes,Male,ECE,1,12.24
8.33,0,6,3,74.5,6.4,6.4,6.8,6.9,1,2.4,7.9,6.2,Yes,Male,ECE,1,10.37
9.31,1,1,1,45.7,6.0,4.4,4.9,5.0,2,6.4,2.4,3.7,Yes,Female,ECE,0,0.0
6.0,0,0,0,52.5,7.3,6.1,8.4,8.6,0,4.2,4.6,0.0,No,Female,ECE,0,0.0
7.96,2,1,3,29.1,7.1,5.7,6.9,5.3,0,8.1,4.1,7.0,Yes,Male,IT,1,11.66
6.75,2,1,1,91.7,5.2,2.2,5.4,5.1,1,6.5,5.7,1.6,Yes,Male,IT,0,0.0
6.91,0,0,3,71.2,4.9,2.5,5.0,4.7,1,8.6,0.2,6.0,Yes,Female,IT,0,0.0
6.81,3,1,3,72.1,6.3,7.9,6.0,6.0,0,5.8,1.9,9.6,No,Male,ECE,1,11.1
6.54,1,3,2,54.1,3.2,7.2,5.5,7.6,0,7.7,4.8,2.6,No,Female,CSM (AI/ML),0,0.0
7.45,1,2,1,47.1,5.7,3.0,7.1,5.0,2,6.4,6.7,6.9,Yes,Male,ECE,0,0.0
6.57,0,6,2,74.4,4.6,5.6,6.3,6.6,1,4.6,5.2,3.3,No,Female,EEE,1,7.54
7.67,2,1,2,42.8,5.3,4.4,8.2,6.6,0,5.9,6.4,7.8,Yes,Male,CSM (AI/ML),1,6.71
7.35,1,2,3,59.3,5.0,7.9,7.3,6.3,0,3.8,5.4,5.4,No,Female,EEE,1,11.28
7.16,0,3,1,42.0,7.4,6.7,5.1,6.8,1,9.6,7.7,5.2,Yes,Male,EEE,0,0.0
6.49,0,0,2,64.0,6.9,3.7,5.8,7.6,1,5.3,8.1,8.0,No,Male,CIVIL,0,0.0
6.82,2,6,1,31.3,6.3,6.0,5.1,6.7,0,5.6,3.4,6.6,Yes,Male,CSE,0,0.0
8.16,1,3,3,38.3,5.6,5.7,5.1,7.8,0,6.3,6.9,3.3,No,Male,EEE,1,11.05
7.9,2,1,1,48.2,7.9,5.7,3.7,4.8,2,3.3,6.1,9.3,No,Male,CSM (AI/ML),0,0.0
6.42,1,0,0,71.8,7.6,4.8,7.8,5.7,0,8.1,10.0,1.7,No,Male,CSE,0,0.0
7.5,0,2,1,53.5,6.0,5.8,8.3,4.8,0,3.4,3.3,5.8,No,Male,CSM (AI/ML),1,6.99
8.15,2,6,2,77.7,8.4,4.2,4.9,7.1,0,3.0,4.8,3.3,Yes,Female,CSE,1,10.15
5.73,0,2,1,86.0,5.9,3.5,4.8,8.0,0,5.2,2.8,1.8,Yes,Female,CSM (AI/ML),0,0.0
7.94,1,1,2,57.1,6.5,3.4,7.2,5.9,0,2.9,3.0,2.6,Yes,Female,CSE,1,6.71
6.74,0,0,0,38.3,5.3,3.8,5.2,6.7,1,8.6,5.8,5.1,No,Male,IT,0,0.0
7.97,2,5,1,77.5,5.6,6.6,8.3,4.2,2,5.0,5.4,6.0,No,Male,CSE,1,8.56
6.64,1,4,2,37.3,5.2,6.7,5.3,6.3,1,0.0,6.1,7.6,Yes,Female,MECH,0,0.0
5.6,0,1,2,47.5,7.3,8.6,3.2,4.0,1,5.9,6.1,8.6,Yes,Male,CIVIL,0,0.0
5.77,2,3,2,34.8,6.8,5.4,6.2,6.4,0,6.6,4.5,5.8,Yes,Female,ECE,1,7.51
7.45,1,3,3,77.4,4.5,7.1,5.5,3.6,1,4.7,4.5,4.2,No,Female,CSE,0,0.0
7.66,1,5,4,71.2,7.1,5.9,6.6,8.7,0,2.8,3.0,7.6,No,Male,ECE,1,10.62
6.5,4,2,3,87.9,9.1,6.4,5.9,6.2,0,5.3,3.5,3.8,Yes,Male,CSE,1,12.92
8.04,1,1,2,54.9,5.1,7.3,7.3,6.2,0,4.5,4.9,1.5,No,Female,CSE,0,0.0
5.74,1,0,0,48.8,5.1,6.9,7.0,9.0,1,3.5,5.4,7.4,No,Female,ECE,1,5.45
7.33,1,2,4,53.6,6.2,6.0,6.9,6.4,0,3.4,6.5,8.2,Yes,Male,CSM (AI/ML),1,10.74
6.19,1,1,3,40.7,8.4,4.6,6.7,4.0,0,5.8,6.3,3.3,Yes,Male,MECH,1,7.84
6.75,1,1,0,84.9,5.5,6.3,6.4,5.7,0,7.3,8.3,9.7,Yes,Female,ECE,1,6.27
7.45,0,1,1,100.0,9.1,8.4,4.3,9.0,1,6.4,3.0,6.5,Yes,Male,MECH,1,13.23
6.54,1,3,4,50.4,4.5,6.1,7.0,5.0,1,2.0,4.5,6.2,Yes,Male,CSE,0,0.0
7.02,2,6,4,71.5,6.5,5.0,7.5,5.7,0,6.7,3.1,4.0,Yes,Female,CSE,1,11.37
8.41,2,2,1,59.5,3.5,7.4,6.9,8.5,1,7.0,7.7,7.5,Yes,Female,ECE,1,10.52
6.82,2,0,4,69.1,4.7,3.2,6.1,5.2,0,8.3,3.9,1.7,Yes,Male,CIVIL,0,0.0
8.24,0,1,3,79.0,5.9,5.1,7.3,6.2,0,3.6,7.4,4.4,Yes,Male,MECH,0,0.0
6.27,0,2,0,43.7,6.6,3.9,6.8,8.2,0,5.4,8.1,3.5,No,Female,EEE,0,0.0
7.93,0,4,3,54.3,8.2,5.6,7.5,5.5,0,6.6,5.9,2.2,Yes,Male,ECE,1,12.47
8.84,1,5,0,81.3,5.1,8.2,6.3,5.2,0,4.4,5.6,7.2,No,Male,EEE,1,12.11
4.93,0,1,1,70.1,6.9,7.0,4.3,3.7,1,6.6,5.1,6.0,Yes,Female,CSE,0,0.0
6.6,4,2,3,67.2,4.1,2.3,6.1,4.8,2,5.5,4.3,7.1,Yes,Male,ECE,0,0.0
7.98,1,3,3,70.2,7.8,4.6,5.0,5.1,2,3.8,4.1,4.6,No,Female,ECE,0,0.0
7.2,2,4,1,71.7,8.3,3.0,5.7,5.8,0,4.0,4.7,7.5,Yes,Female,CSM (AI/ML),1,8.69
7.77,1,2,5,80.5,7.9,7.8,6.5,6.8,0,8.0,8.8,5.4,Yes,Female,CIVIL,1,13.74
6.8,2,2,6,74.1,7.9,4.7,7.9,6.2,0,3.5,2.8,4.1,No,Female,MECH,1,9.94
7.49,1,2,2,61.2,6.1,5.9,7.4,4.6,0,3.2,5.4,3.7,Yes,Male,CSE,1,8.6
7.24,1,0,0,67.6,6.6,6.0,6.7,8.2,0,6.2,6.5,0.6,Yes,Female,IT,0,0.0
8.57,3,5,1,60.9,6.0,6.2,8.3,4.8,0,5.4,4.4,7.9,Yes,Female,CSE,0,0.0
7.65,2,2,4,50.1,6.1,1.0,6.5,8.8,3,2.9,5.9,7.6,No,Female,CSE,0,0.0
7.74,1,3,1,61.2,5.0,6.5,6.7,6.5,3,4.5,1.8,10.0,Yes,Female,IT,1,7.81
6.99,1,1,1,60.2,6.7,4.8,5.8,7.8,0,3.9,7.8,4.4,Yes,Female,CSM (AI/ML),1,8.3
6.91,0,1,2,34.8,6.9,7.4,4.8,7.0,0,4.2,7.4,3.7,No,Male,MECH,0,0.0
6.97,1,5,1,74.4,7.8,6.2,7.2,8.4,1,10.0,4.8,1.3,Yes,Male,CSM (AI/ML),1,10.43
7.79,1,2,1,77.1,6.8,7.0,4.0,6.2,0,4.9,3.2,7.4,No,Male,CIVIL,1,11.76
6.98,2,1,2,70.7,7.6,4.4,5.0,5.9,0,3.7,6.7,6.9,Yes,Male,MECH,0,0.0
7.69,0,1,0,76.2,5.0,3.7,6.7,6.7,0,9.5,2.6,8.8,Yes,Male,ECE,1,4.24
9.48,1,2,1,59.2,8.5,7.5,5.1,5.9,1,7.3,2.9,3.1,Yes,Male,EEE,1,12.76
8.27,3,3,0,53.8,5.8,6.9,6.4,6.9,0,6.9,4.9,6.8,Yes,Female,IT,1,11.84
7.07,3,4,2,77.2,2.9,6.2,6.6,8.5,1,3.8,8.2,4.0,Yes,Male,CSM (AI/ML),0,0.0
8.6,2,1,1,45.1,5.6,6.2,5.6,3.9,1,7.9,6.3,8.3,Yes,Male,ECE,1,11.27
6.99,2,4,0,44.5,7.1,6.6,6.5,6.2,1,7.1,3.6,6.4,Yes,Female,MECH,1,10.82
5.36,0,3,1,69.2,6.3,3.3,6.5,9.4,0,5.8,1.5,1.6,Yes,Male,CSM (AI/ML),0,0.0
6.39,2,2,0,68.7,3.1,7.8,4.7,5.8,0,2.1,5.1,4.9,No,Male,IT,0,0.0
5.53,0,5,1,76.9,6.5,5.5,7.2,7.7,1,5.5,5.5,0.7,Yes,Male,CSE,0,0.0
7.05,2,3,0,34.6,6.4,5.6,3.4,7.5,0,9.0,4.8,2.5,Yes,Male,CSM (AI/ML),1,8.69
7.42,0,2,4,60.4,4.6,5.0,9.2,4.3,1,5.9,8.8,2.7,No,Female,EEE,0,0.0
9.08,1,4,3,43.9,7.1,1.1,7.2,6.7,1,4.7,4.7,3.7,No,Female,CSM (AI/ML),0,0.0
7.73,1,2,0,75.7,6.0,6.9,7.9,6.6,0,5.0,0.2,4.6,No,Female,CSE,1,9.32
7.18,0,2,4,83.3,3.1,3.9,7.4,10.0,0,5.2,4.1,5.6,No,Female,CSM (AI/ML),0,0.0
8.23,0,3,1,70.1,7.3,6.0,6.3,2.6,1,3.9,6.0,5.5,No,Male,CIVIL,0,0.0
5.19,1,5,1,53.1,6.5,4.2,5.2,4.0,0,5.4,5.8,5.1,No,Female,ECE,0,0.0
7.64,1,2,3,50.0,8.6,5.1,6.4,6.0,1,8.4,4.6,6.0,No,Female,CSM (AI/ML),1,11.01
8.17,1,2,2,55.4,4.8,5.0,7.7,5.8,1,8.2,4.3,2.3,Yes,Female,EEE,0,0.0
5.92,1,1,1,48.5,5.8,4.2,5.2,5.1,1,4.0,0.8,5.4,No,Male,ECE,0,0.0
8.54,1,4,0,59.5,7.9,5.4,6.6,5.2,0,8.1,5.2,8.5,Yes,Male,ECE,0,0.0
7.74,0,2,2,50.0,4.7,4.9,3.7,7.3,1,7.0,4.3,4.8,Yes,Male,CSM (AI/ML),0,0.0
6.98,1,2,4,39.9,7.8,3.8,5.2,5.1,0,6.8,5.5,6.3,Yes,Male,CSE,1,7.5
8.03,3,1,0,68.1,7.9,8.0,5.1,5.5,1,6.4,6.0,6.1,Yes,Female,EEE,1,12.46
9.67,0,0,1,69.3,6.7,4.3,8.9,7.7,0,3.6,7.6,7.2,Yes,Male,CSM (AI/ML),1,9.75
7.58,0,1,1,89.2,5.9,6.9,4.4,7.5,0,4.7,3.0,5.9,Yes,Male,CSM (AI/ML),1,9.32
7.65,0,1,2,55.1,5.2,7.1,7.0,5.6,1,7.2,2.3,7.1,Yes,Female,CSE,0,0.0
6.94,2,4,4,31.8,5.0,7.6,8.8,4.2,1,3.1,3.8,6.4,Yes,Male,CSE,0,0.0
6.55,2,1,2,75.0,6.7,4.8,7.9,7.5,1,3.4,3.5,6.7,No,Male,MECH,1,7.71
8.23,0,3,1,76.8,1.6,5.4,8.7,5.0,0,6.1,3.3,6.2,Yes,Female,ECE,0,0.0
6.54,0,4,1,80.3,5.3,5.5,8.9,8.1,0,3.9,8.0,2.9,Yes,Female,CSE,1,5.24
7.47,0,3,0,85.5,5.1,6.8,6.5,6.9,0,7.1,5.3,2.5,Yes,Female,CSE,1,8.41
6.92,0,1,2,85.8,4.6,5.3,7.1,6.0,0,4.0,9.1,4.4,No,Female,CSE,1,4.71
7.88,1,3,2,46.4,6.5,6.7,6.7,6.9,0,6.0,5.0,8.8,No,Male,ECE,1,9.45
7.73,2,2,1,86.8,3.8,5.3,7.1,3.6,1,6.2,2.5,4.8,No,Male,ECE,0,0.0
8.44,1,2,0,56.8,8.1,7.9,7.0,8.4,1,4.5,3.3,5.9,Yes,Male,CSE,1,11.62
6.89,1,1,0,74.8,7.7,5.8,9.0,6.0,2,5.0,7.2,0.7,Yes,Male,CSM (AI/ML),1,8.83
7.13,0,1,1,66.2,8.4,5.5,6.8,6.5,0,4.1,2.6,5.6,No,Male,CSE,1,6.97
6.42,0,4,0,46.4,5.4,6.4,5.0,5.5,1,5.5,6.2,5.4,Yes,Male,CSE,0,0.0
6.96,2,2,1,80.6,6.5,8.9,7.3,6.1,0,3.6,4.3,0.0,Yes,Male,CIVIL,1,13.18
7.78,1,2,3,54.7,7.5,4.7,7.5,8.5,1,5.1,3.0,5.9,Yes,Female,EEE,1,9.56
8.16,0,2,1,91.7,6.0,7.8,5.2,5.9,0,7.0,7.9,1.4,No,Male,MECH,0,0.0
6.48,1,1,3,49.8,5.3,4.2,5.1,5.7,0,3.2,3.8,3.5,Yes,Female,CSE,0,0.0
8.27,0,4,4,45.9,6.4,5.9,7.8,7.3,0,4.5,3.3,7.5,No,Male,CSM (AI/ML),1,9.88
8.76,3,3,0,51.4,5.9,4.3,5.6,6.7,0,6.5,4.8,5.6,Yes,Female,CSM (AI/ML),1,11.01
7.81,1,2,1,85.9,4.5,5.1,5.8,8.5,1,1.3,3.9,4.2,No,Female,EEE,1,6.43
9.28,0,2,3,36.9,2.4,4.5,5.7,3.5,1,9.2,9.7,4.0,Yes,Female,ECE,0,0.0
6.63,0,5,0,76.6,4.7,7.1,6.8,5.7,1,7.6,7.2,4.2,Yes,Male,ECE,1,7.76
6.16,2,3,0,91.3,2.4,4.9,8.1,4.3,1,2.4,3.8,5.6,Yes,Male,CSE,0,0.0
5.62,2,4,2,59.3,4.8,6.8,7.4,8.0,0,1.3,4.0,2.4,Yes,Male,ECE,1,7.36
8.9,0,2,1,55.7,8.5,4.8,5.7,4.5,3,5.6,0.8,7.8,No,Female,MECH,0,0.0
8.05,1,5,0,63.3,3.2,5.8,8.4,6.8,0,3.3,5.3,2.6,No,Male,ECE,1,6.56
7.34,1,3,2,44.0,6.9,8.6,7.7,4.5,0,7.4,3.4,1.2,Yes,Female,CSE,0,0.0
7.68,2,6,2,100.0,8.2,4.4,7.9,5.6,1,6.3,5.2,7.5,Yes,Male,CSM (AI/ML),1,10.28
6.27,1,4,3,72.7,3.7,4.4,7.8,4.9,0,5.7,0.9,4.2,No,Male,MECH,0,0.0
9.85,1,1,1,42.5,9.1,5.3,5.6,6.3,1,4.4,4.9,5.4,No,Male,CSE,1,11.81
7.53,1,1,2,49.1,6.1,5.8,5.0,9.1,1,8.7,8.6,6.7,No,Female,ECE,0,0.0
7.51,1,2,0,64.9,8.4,7.0,5.9,4.3,1,7.0,5.1,3.5,Yes,Female,IT,1,11.78
8.13,4,2,1,41.3,6.6,5.9,7.9,4.7,0,6.7,3.4,5.5,No,Male,CSM (AI/ML),1,10.39
7.88,1,3,0,37.9,5.5,6.3,4.6,7.1,0,7.9,5.0,6.7,Yes,Female,CSE,0,0.0
7.62,1,3,0,66.7,1.5,3.6,4.4,6.1,2,3.5,4.9,9.0,Yes,Male,EEE,0,0.0
6.61,1,2,1,78.1,4.4,6.4,3.7,4.5,1,8.1,9.6,4.0,Yes,Female,CSE,1,6.05
7.87,1,2,1,76.6,7.3,6.4,4.5,5.6,1,5.0,4.3,4.1,No,Male,CSE,1,10.04
9.28,1,4,0,61.0,8.7,7.1,5.2,4.2,0,6.2,2.5,6.5,Yes,Female,CSE,1,15.53
8.75,0,2,1,57.6,4.0,5.2,6.6,5.6,0,5.2,5.0,5.7,Yes,Male,CSE,0,0.0
8.99,0,3,0,62.8,6.1,5.8,4.7,4.9,0,1.7,5.4,4.9,Yes,Male,CIVIL,1,9.34
6.89,4,2,1,77.9,5.5,7.1,7.4,6.7,1,7.4,6.2,8.9,Yes,Male,MECH,1,11.03
6.41,1,5,0,41.9,6.9,3.8,6.5,7.2,0,1.9,6.6,1.3,No,Male,CSM (AI/ML),0,0.0
7.27,1,3,0,49.6,6.3,2.4,3.3,2.6,0,3.6,9.1,1.9,Yes,Male,CIVIL,0,0.0
7.46,1,6,0,56.0,5.6,3.7,6.4,6.4,0,4.6,3.7,1.4,Yes,Female,EEE,0,0.0
8.49,1,1,3,58.1,7.2,4.6,6.6,3.1,2,1.6,3.6,8.0,No,Male,CSM (AI/ML),0,0.0
5.71,1,5,0,61.1,5.1,7.8,9.3,6.3,1,3.3,1.1,6.4,Yes,Male,CSE,1,9.27
8.93,1,2,2,61.6,6.2,9.7,6.8,8.5,1,6.0,6.4,2.0,No,Female,MECH,1,13.49
7.24,1,5,1,72.8,7.4,4.1,3.7,5.8,0,4.8,3.1,4.9,No,Male,CSM (AI/ML),1,8.48
6.97,1,2,0,33.8,5.0,5.6,6.7,6.7,2,5.0,6.9,5.1,Yes,Male,CSM (AI/ML),1,4.26
6.39,1,0,4,36.4,5.6,4.8,6.7,7.3,2,3.7,4.0,0.1,Yes,Male,CSM (AI/ML),0,0.0
5.75,2,2,0,51.4,5.3,6.7,7.3,7.4,0,5.6,8.6,5.6,Yes,Female,CSE,0,0.0
8.22,2,3,1,75.8,6.9,6.3,10.0,7.5,0,4.8,2.0,2.5,Yes,Female,MECH,1,9.7
7.47,0,1,2,51.6,6.8,4.1,5.6,6.9,2,2.2,7.1,6.8,No,Female,CSE,0,0.0
6.11,0,3,2,61.3,5.4,4.6,5.4,5.2,1,5.1,6.9,2.6,No,Male,ECE,0,0.0
6.1,1,0,1,64.1,6.7,5.5,7.1,7.2,0,3.0,6.1,5.7,No,Male,CSE,0,0.0
7.06,1,1,2,67.1,1.7,8.1,9.1,8.4,0,7.3,2.7,8.2,No,Female,EEE,1,7.01
9.07,0,2,0,87.0,7.5,4.6,7.4,7.0,0,4.7,6.1,7.4,Yes,Female,CSM (AI/ML),1,6.75
7.14,1,2,3,73.1,7.6,2.9,5.9,6.6,1,10.0,5.3,6.4,No,Female,EEE,1,6.61
5.9,1,0,2,78.0,5.4,8.3,7.9,4.0,0,7.4,1.2,5.0,No,Male,CSE,0,0.0
7.15,2,0,2,60.0,5.1,6.7,9.1,4.8,0,5.2,8.3,1.7,No,Male,CSE,0,0.0
7.13,1,3,3,85.6,6.1,3.6,5.2,5.3,1,6.7,4.3,4.2,Yes,Male,CSE,0,0.0
4.7,2,3,1,63.1,4.7,6.4,4.9,4.8,0,1.3,8.1,4.7,Yes,Male,EEE,0,0.0
7.35,2,1,2,30.7,5.0,7.3,6.5,6.1,0,7.4,4.9,4.5,Yes,Male,CSE,1,9.45
7.17,0,2,0,100.0,6.7,6.0,6.9,5.0,0,3.9,7.1,1.7,No,Male,ECE,0,0.0
8.1,3,4,3,62.7,7.5,8.4,8.5,7.5,1,5.7,3.2,6.2,Yes,Male,CSE,1,16.39
9.25,2,4,2,70.5,6.7,6.9,5.7,5.7,1,4.0,5.5,2.5,Yes,Female,IT,1,13.61
8.53,2,2,2,44.9,10.0,6.4,7.0,4.7,0,4.3,5.3,8.8,Yes,Male,CSM (AI/ML),1,15.89
7.13,0,1,0,97.2,8.2,6.2,8.7,5.0,0,5.1,4.3,5.5,Yes,Male,CSE,1,8.91
6.29,0,3,2,49.3,7.4,6.1,6.7,6.4,1,5.7,3.2,7.5,Yes,Female,CSE,0,0.0
9.97,0,2,2,55.8,7.3,7.5,5.8,5.9,0,5.4,0.0,7.4,No,Male,CSM (AI/ML),1,12.82
7.46,0,0,1,37.5,6.3,5.5,7.3,6.4,1,5.5,3.2,10.0,No,Male,CIVIL,0,0.0
7.41,1,2,1,67.8,7.0,7.6,5.9,6.0,0,2.2,6.5,5.6,Yes,Female,CSE,1,9.51
7.38,1,6,1,57.5,6.5,6.4,6.9,8.7,0,10.0,2.1,4.3,Yes,Male,MECH,1,11.13
7.6,0,1,1,37.3,7.9,6.0,6.1,7.5,2,6.0,2.5,4.3,Yes,Female,CSM (AI/ML),0,0.0
7.26,0,4,0,60.9,5.8,5.2,6.2,5.1,1,6.4,2.0,8.6,No,Male,MECH,0,0.0
6.83,0,1,3,63.5,5.7,5.2,5.8,3.6,1,4.8,5.4,2.2,No,Male,CIVIL,0,0.0
6.85,1,2,1,58.0,8.1,6.4,5.5,5.8,0,3.8,3.1,3.2,No,Female,IT,0,0.0
7.37,0,1,2,32.9,5.5,7.7,7.9,4.7,1,5.8,7.6,5.7,Yes,Female,CSE,1,10.04
6.86,1,1,1,66.7,4.7,6.8,6.7,3.9,0,6.1,6.5,4.8,Yes,Female,MECH,1,6.26
6.69,0,5,3,41.7,5.0,4.4,8.3,7.2,2,8.1,5.4,7.4,Yes,Male,CSE,0,0.0
7.51,3,2,5,76.2,7.4,2.8,3.0,6.3,1,9.7,5.6,2.1,No,Male,CSM (AI/ML),1,9.92
7.15,0,4,2,53.1,10.0,7.2,5.6,7.9,0,8.5,3.4,5.0,Yes,Male,EEE,0,0.0
8.9,0,4,1,76.8,4.8,10.0,5.3,6.2,2,2.0,3.4,4.8,Yes,Male,CSM (AI/ML),1,13.61
4.75,2,2,1,62.2,7.2,5.3,6.0,6.0,0,4.6,6.5,2.7,No,Male,ECE,0,0.0
8.49,4,3,1,63.0,6.4,4.9,4.9,4.5,0,6.2,6.9,7.2,No,Male,IT,0,0.0
8.65,0,2,0,82.4,8.0,7.4,4.0,5.4,0,4.7,6.5,5.0,Yes,Male,MECH,1,10.03
5.33,1,4,0,49.0,7.2,4.2,7.4,3.8,0,5.4,4.0,4.9,No,Male,CSM (AI/ML),0,0.0
7.06,0,1,2,44.5,8.1,8.6,5.5,7.8,0,1.2,4.2,3.3,Yes,Male,ECE,1,10.35
7.03,1,3,1,70.9,6.7,6.6,7.2,4.5,0,7.3,3.0,4.3,Yes,Female,CSE,0,0.0
5.99,0,3,2,41.0,4.9,5.7,4.6,6.6,0,1.7,6.6,2.9,Yes,Male,CSM (AI/ML),0,0.0
6.62,0,3,5,49.2,5.1,4.3,3.9,6.0,0,2.4,0.9,7.2,No,Male,ECE,1,4.83
6.29,2,2,4,36.7,6.5,7.5,6.8,6.8,0,3.5,0.4,7.6,No,Male,EEE,0,0.0
9.15,0,3,0,80.4,6.9,5.0,7.3,6.3,0,5.3,0.8,9.1,Yes,Female,CIVIL,1,8.28
8.34,2,2,0,46.0,5.6,7.1,5.5,4.4,0,2.3,0.5,6.2,Yes,Female,CSM (AI/ML),0,0.0
8.67,1,5,2,51.5,9.4,6.6,4.9,5.8,0,3.4,7.8,4.4,No,Female,CIVIL,1,16.72
8.12,3,3,2,41.4,7.7,8.3,8.3,8.1,0,7.8,6.7,4.1,Yes,Female,EEE,1,12.97
6.27,4,3,2,55.8,2.9,6.1,6.3,5.1,1,5.3,2.5,6.3,No,Male,CSE,0,0.0
6.88,0,3,1,59.7,6.0,10.0,4.9,7.9,2,6.4,4.8,5.7,No,Male,CSM (AI/ML),1,8.73
7.89,2,3,1,75.2,4.6,6.9,4.2,7.2,0,3.0,8.1,4.8,Yes,Female,ECE,1,8.33
6.18,0,0,2,40.8,9.3,6.1,5.4,6.5,0,5.4,6.1,4.6,No,Male,CSM (AI/ML),0,0.0
8.11,1,6,1,52.4,2.6,5.1,5.8,5.3,0,5.2,9.4,7.9,Yes,Male,CSE,0,0.0
7.16,1,3,4,84.8,6.9,7.5,7.5,6.7,0,3.9,4.8,4.2,No,Female,ECE,1,12.14
7.03,1,2,0,78.7,6.4,5.1,6.4,5.6,1,5.4,3.6,8.3,Yes,Male,CSE,1,6.83
8.11,1,3,3,51.2,7.5,4.3,6.2,7.8,2,1.7,2.7,5.6,Yes,Female,CIVIL,0,0.0
7.84,0,0,6,61.2,6.7,4.9,5.0,4.5,0,6.4,5.0,4.4,Yes,Male,CIVIL,1,8.8
7.04,2,2,4,93.5,9.5,5.4,8.5,6.7,0,4.7,7.0,3.4,Yes,Female,ECE,1,12.55
8.56,3,2,2,42.9,7.7,10.0,7.9,6.3,0,5.0,5.2,4.8,Yes,Female,CSE,1,17.38
6.32,2,1,2,31.3,3.3,6.4,7.7,6.8,0,7.2,4.2,6.4,Yes,Female,ECE,0,0.0
8.02,0,3,1,53.4,8.4,4.5,6.3,7.3,1,6.4,7.6,4.3,Yes,Male,ECE,1,9.06
7.99,1,3,2,60.7,6.5,7.9,7.0,5.1,0,4.9,6.1,7.2,Yes,Female,CIVIL,1,10.76
7.09,0,2,2,49.2,8.4,6.2,2.5,5.1,1,3.3,4.8,4.2,No,Male,CSE,0,0.0
7.73,0,1,2,77.6,5.7,8.3,6.7,6.6,1,8.2,3.4,4.9,Yes,Male,EEE,0,0.0
6.15,2,3,2,65.4,4.5,9.4,9.3,7.7,0,2.8,4.5,2.2,No,Female,ECE,1,12.31
8.32,3,5,2,52.3,4.2,3.0,5.5,6.0,2,6.8,6.0,6.5,Yes,Male,CSE,0,0.0
7.22,3,2,0,53.4,7.9,1.3,4.9,8.3,0,2.3,3.4,4.6,Yes,Male,CSE,1,6.74
6.88,1,1,1,50.1,7.5,9.6,6.2,5.9,0,7.3,2.4,8.8,No,Male,EEE,1,13.23
8.45,1,1,0,75.3,5.3,4.5,5.1,5.3,1,7.5,4.0,6.8,Yes,Female,CSM (AI/ML),0,0.0
6.7,0,4,1,54.4,1.9,2.6,5.0,6.9,0,1.7,4.9,5.4,Yes,Male,IT,0,0.0
5.99,2,5,2,42.9,8.0,4.8,6.8,5.5,0,6.4,7.9,8.0,No,Female,CIVIL,1,9.66
5.84,1,1,1,77.4,2.9,4.0,7.6,5.6,1,6.2,2.6,6.1,Yes,Male,ECE,0,0.0
8.01,4,0,1,57.6,9.7,4.3,6.8,6.7,1,6.9,5.5,7.5,Yes,Male,EEE,1,13.37
6.12,1,2,2,40.2,3.9,7.4,4.7,7.6,0,6.2,4.4,3.2,No,Female,CSE,0,0.0
9.15,3,4,2,89.4,6.2,5.1,5.4,6.7,1,3.6,4.5,6.3,Yes,Male,CIVIL,1,9.78
5.32,1,1,2,71.8,6.6,2.7,6.9,6.5,1,5.1,8.2,6.4,Yes,Male,CSM (AI/ML),0,0.0
9.1,0,4,0,62.7,6.8,5.9,7.4,9.0,0,8.8,5.2,1.6,Yes,Male,ECE,1,10.64
7.61,2,1,1,58.6,6.7,4.2,6.1,7.3,0,3.3,3.1,8.7,Yes,Female,CIVIL,1,8.4
7.3,1,2,2,57.5,6.4,5.3,5.1,5.8,1,6.1,6.9,2.5,Yes,Female,CSE,0,0.0
6.86,2,1,3,57.2,5.5,5.4,7.6,7.8,0,7.8,6.7,2.2,No,Female,ECE,0,0.0
7.8,2,2,1,57.6,5.8,7.4,9.1,6.0,0,3.5,2.9,0.0,Yes,Male,EEE,1,12.02
7.36,2,4,3,52.6,5.2,4.8,8.1,7.1,0,2.7,2.5,6.3,Yes,Male,CSE,0,0.0
8.5,1,0,2,60.3,6.4,7.1,9.4,7.1,1,3.0,5.9,1.4,Yes,Female,CSE,0,0.0
7.51,3,3,0,52.2,3.4,2.8,5.5,6.3,2,6.3,4.9,4.0,Yes,Female,ECE,0,0.0
7.55,2,1,2,65.6,6.7,7.5,7.9,5.3,1,3.0,4.0,7.1,Yes,Female,ECE,1,12.3
7.04,2,2,1,61.6,6.0,8.3,8.3,6.3,0,5.2,7.2,5.6,Yes,Female,CSM (AI/ML),0,0.0
7.34,3,1,2,50.8,7.5,5.4,5.7,5.6,2,8.2,3.8,3.8,No,Male,CIVIL,0,0.0
7.71,0,2,2,60.6,5.7,4.2,5.2,6.7,3,5.4,5.9,1.5,No,Male,CSM (AI/ML),0,0.0
5.69,1,4,0,70.7,7.2,3.8,5.0,6.9,2,3.9,7.5,5.0,Yes,Female,ECE,0,0.0
6.05,1,3,0,25.9,7.1,5.8,6.3,3.5,1,5.8,4.3,7.2,Yes,Male,CSE,0,0.0
8.14,0,1,2,71.3,6.0,8.1,4.1,6.8,0,5.4,1.2,6.8,No,Male,CSE,1,10.97
7.57,0,0,2,42.4,6.8,5.0,8.9,10.0,1,6.4,4.2,9.3,No,Male,CSM (AI/ML),0,0.0
7.22,2,3,2,54.7,4.1,7.9,4.5,5.9,1,8.7,5.4,3.7,Yes,Male,ECE,0,0.0
7.42,1,5,2,16.7,8.3,3.6,7.0,7.7,0,6.3,7.1,2.2,Yes,Female,MECH,0,0.0
7.75,1,1,4,71.1,5.3,5.1,3.0,7.3,0,9.6,3.9,5.9,Yes,Male,CSM (AI/ML),0,0.0
6.86,2,3,1,50.2,5.9,5.7,9.5,4.0,0,6.4,8.6,5.7,Yes,Female,CSE,0,0.0
6.62,0,2,1,54.0,4.5,6.2,8.3,7.0,1,4.0,2.3,5.2,Yes,Male,ECE,0,0.0
7.6,1,2,1,63.5,5.0,5.2,4.0,5.1,0,10.0,5.3,3.5,No,Female,CSM (AI/ML),1,6.25
6.42,0,1,3,30.5,8.8,8.2,6.9,6.0,0,5.3,4.5,0.0,Yes,Female,CSE,1,12.76
7.81,2,2,0,63.0,6.4,8.2,6.0,4.3,1,3.4,7.8,2.9,Yes,Male,CIVIL,0,0.0
5.7,1,2,2,72.4,5.7,5.5,6.6,6.9,1,10.0,1.9,6.5,Yes,Male,ECE,1,7.76
8.43,0,2,0,64.8,5.7,4.8,7.4,5.8,0,4.0,5.9,5.9,Yes,Male,CSE,0,0.0
7.87,2,3,1,55.7,6.2,4.7,5.2,8.2,1,4.0,4.5,7.4,Yes,Male,EEE,0,0.0
7.66,1,5,2,62.7,7.4,7.8,6.3,4.4,1,4.4,8.2,6.0,No,Male,MECH,1,13.67
8.38,2,2,2,60.8,6.5,4.5,3.7,7.6,1,5.8,3.3,6.9,Yes,Male,MECH,1,9.47
9.07,2,2,4,74.1,6.5,3.0,6.5,6.9,1,7.4,5.9,7.0,No,Female,ECE,1,5.48
8.41,1,1,2,82.1,4.7,3.3,3.3,5.1,0,0.2,3.2,5.2,Yes,Female,ECE,0,0.0
5.56,0,3,1,55.4,5.7,7.1,8.4,4.1,0,7.4,5.4,5.3,Yes,Male,MECH,0,0.0
6.12,0,1,3,65.7,6.5,3.2,4.2,5.9,2,4.4,4.2,0.0,No,Male,EEE,0,0.0
6.78,1,3,2,51.3,6.2,5.0,6.8,6.6,0,4.7,4.2,3.7,Yes,Female,ECE,0,0.0
7.43,0,5,4,68.7,5.5,6.0,7.6,4.8,0,8.9,0.8,3.8,No,Female,EEE,1,10.23
7.92,3,1,0,69.4,5.4,2.6,9.2,5.0,1,5.9,5.9,4.9,Yes,Male,CSE,0,0.0
6.67,0,4,1,59.3,6.9,6.1,9.1,7.7,3,6.4,2.7,3.1,Yes,Female,CSE,0,0.0
7.59,0,3,4,70.3,6.9,5.2,8.5,5.2,2,5.4,2.7,7.4,No,Male,IT,1,9.51
6.64,2,3,0,62.1,7.8,2.2,6.4,7.1,0,7.0,1.7,3.2,No,Female,IT,0,0.0
6.79,0,4,1,61.2,6.5,6.2,8.1,8.0,2,8.7,2.8,7.7,No,Female,MECH,0,0.0
5.99,1,1,1,47.9,2.9,6.6,6.8,5.2,0,0.5,6.1,3.0,Yes,Male,CSM (AI/ML),0,0.0
6.48,1,1,3,64.8,10.0,6.2,6.9,4.6,0,7.7,5.9,3.8,No,Male,CSE,1,11.68
6.05,1,3,1,52.8,6.2,6.8,5.5,7.5,2,8.6,6.4,3.6,Yes,Male,CSM (AI/ML),1,6.68
6.42,0,3,1,75.9,5.5,6.3,9.0,5.9,0,6.5,2.8,4.1,No,Male,MECH,0,0.0
8.45,1,2,2,48.5,6.1,7.2,5.2,5.7,4,4.1,5.5,7.9,Yes,Male,CSM (AI/ML),0,0.0
6.45,0,0,3,66.3,5.6,4.0,4.8,8.3,1,3.2,3.7,4.4,Yes,Male,MECH,0,0.0
10.0,0,2,0,57.8,4.9,3.1,7.0,5.9,1,10.0,7.0,4.5,Yes,Male,EEE,0,0.0
7.89,0,3,1,66.3,7.2,3.6,3.7,6.7,2,3.7,5.9,3.5,Yes,Male,EEE,0,0.0
7.58,1,0,3,61.1,6.0,4.3,6.6,4.0,0,8.5,3.6,4.6,No,Male,IT,1,6.23
6.54,1,2,0,48.9,6.1,9.6,8.9,6.2,0,6.3,7.2,5.7,Yes,Female,CIVIL,1,11.91
8.1,2,1,1,79.5,2.2,4.3,7.0,5.1,3,9.6,6.1,4.7,No,Male,EEE,0,0.0
6.82,1,3,1,47.8,5.8,4.8,6.4,5.6,0,4.9,2.1,4.9,Yes,Female,CSE,1,8.52
7.52,3,0,0,72.3,4.5,5.4,5.1,5.5,0,2.3,1.5,7.5,Yes,Female,IT,1,6.25
9.96,2,1,1,34.8,5.4,5.1,4.1,8.1,0,5.5,2.2,5.8,Yes,Male,CSE,0,0.0
7.3,3,2,2,57.4,6.6,9.2,7.7,5.4,2,2.5,8.5,2.6,No,Male,CSM (AI/ML),1,14.26
8.55,1,4,3,86.5,5.2,2.5,6.4,5.6,1,10.0,2.9,5.0,No,Female,MECH,0,0.0
6.7,0,2,2,57.6,5.4,10.0,7.3,8.4,0,6.8,8.9,4.0,Yes,Male,CSE,1,10.3
7.37,1,0,3,63.5,6.4,6.1,3.1,5.8,0,7.1,2.8,6.4,Yes,Female,EEE,0,0.0
9.17,1,4,0,87.6,5.4,7.6,7.5,5.4,0,7.1,2.5,5.4,Yes,Male,CSM (AI/ML),1,12.23
6.77,1,1,2,59.7,4.5,5.8,9.4,7.8,1,4.1,6.8,7.8,No,Female,EEE,1,4.93
9.21,0,3,3,66.1,3.4,7.3,8.4,6.3,0,5.2,6.9,3.5,No,Female,IT,0,0.0
8.11,0,1,0,71.7,6.7,4.0,6.8,6.4,2,5.7,6.2,4.8,Yes,Male,MECH,0,0.0
6.84,0,3,3,39.9,5.4,3.2,4.8,6.7,0,9.4,6.4,2.8,Yes,Female,CSM (AI/ML),0,0.0
8.03,0,4,2,54.2,3.5,10.0,6.6,8.2,0,3.2,3.3,5.1,No,Male,CSE,0,0.0
8.37,0,2,2,64.1,8.2,9.4,6.6,4.9,0,4.0,6.7,1.7,Yes,Male,IT,1,14.72
8.02,1,2,5,36.5,6.7,3.8,5.7,7.9,0,4.8,5.5,5.9,No,Male,ECE,0,0.0
5.83,1,0,2,83.9,4.3,7.2,5.8,4.2,1,4.2,4.2,5.1,Yes,Male,CSE,0,0.0
6.67,3,3,1,74.1,5.1,8.0,9.5,5.2,0,2.6,5.2,5.6,No,Female,EEE,1,11.64
7.15,0,2,2,71.7,7.9,7.1,5.0,5.0,2,0.1,7.2,7.0,Yes,Male,CSE,1,10.18
7.33,1,3,6,83.1,5.9,5.4,5.8,6.1,0,1.8,5.8,5.7,Yes,Female,CSE,1,9.82
8.02,0,2,1,73.6,5.5,9.6,7.2,5.2,0,7.7,0.5,2.3,Yes,Male,EEE,1,11.42
7.58,0,6,2,58.3,7.4,7.1,9.7,8.1,0,5.5,6.9,3.9,Yes,Male,CSM (AI/ML),1,11.76
6.06,0,2,0,35.9,5.9,4.0,5.9,7.0,0,7.2,6.7,5.0,Yes,Female,CSM (AI/ML),0,0.0
7.78,0,2,5,51.1,8.2,5.1,3.7,6.3,1,4.3,4.2,4.4,Yes,Male,EEE,1,8.72
8.01,1,2,3,51.6,5.5,3.8,3.2,5.1,0,5.3,5.2,4.7,No,Male,CIVIL,0,0.0
7.96,1,2,5,71.9,5.3,5.6,10.0,8.3,0,8.7,5.2,8.9,No,Male,EEE,1,10.61
8.48,0,5,2,63.3,6.2,5.5,3.5,6.4,2,8.6,0.8,5.4,Yes,Male,ECE,0,0.0
8.23,1,4,0,37.0,7.7,7.2,6.5,5.9,0,7.4,4.2,6.1,Yes,Male,EEE,1,14.0
7.86,2,1,0,75.8,6.6,7.2,4.1,6.1,1,5.9,4.2,0.6,Yes,Male,EEE,1,9.97
7.33,1,0,1,83.3,6.4,6.5,5.2,6.0,0,6.5,4.7,6.9,No,Male,MECH,1,9.11
5.74,1,0,1,85.6,4.9,6.5,5.4,7.5,3,6.2,3.9,10.0,No,Male,CSM (AI/ML),0,0.0
7.83,1,5,3,43.9,4.7,7.8,3.5,7.9,0,5.2,6.4,8.3,Yes,Female,CSE,1,11.09
7.61,4,4,1,67.1,7.7,5.4,8.2,5.0,0,4.7,3.3,4.2,No,Female,EEE,1,12.24
7.67,1,2,2,45.9,7.9,1.3,7.0,5.4,0,7.7,6.9,10.0,No,Male,CSE,0,0.0
6.12,0,2,3,93.0,7.9,9.8,5.8,5.5,0,2.9,6.3,5.3,Yes,Male,ECE,1,13.23
6.32,0,5,1,62.5,7.5,4.1,5.5,6.7,1,8.5,7.9,5.9,Yes,Male,CSE,0,0.0
8.45,1,5,1,56.1,6.9,7.1,8.0,7.7,2,4.9,8.6,4.6,No,Male,CSM (AI/ML),1,11.45
7.36,1,4,4,53.1,6.9,5.2,6.5,4.4,0,2.9,8.7,4.5,Yes,Female,ECE,1,9.53
8.08,1,4,2,67.3,6.4,8.5,9.5,4.8,0,4.4,2.5,0.0,Yes,Female,CIVIL,1,13.77
7.43,0,2,2,70.2,7.1,4.0,5.7,5.8,2,3.8,5.7,7.0,Yes,Male,EEE,0,0.0
7.43,2,1,2,35.6,6.1,4.4,7.0,7.0,1,4.3,3.5,4.5,No,Male,CSE,0,0.0
8.34,1,5,3,84.3,7.1,4.9,4.6,5.0,1,4.3,10.0,4.8,Yes,Male,CIVIL,1,11.76
6.88,1,6,1,69.5,7.7,6.9,5.8,5.8,0,4.2,6.3,5.8,Yes,Female,ECE,1,12.09
7.5,1,1,0,84.2,4.2,6.2,8.0,5.3,0,4.9,8.0,4.2,No,Female,CSE,0,0.0
6.94,0,2,0,89.4,8.0,6.9,8.2,7.4,0,5.4,5.9,5.8,No,Male,ECE,1,9.75
6.97,0,0,4,60.4,6.1,6.0,9.2,6.1,0,7.0,0.0,8.0,Yes,Male,CSE,1,8.78
7.09,2,1,2,75.7,8.5,7.6,7.1,5.3,0,5.0,3.4,6.1,Yes,Male,CSM (AI/ML),1,13.09
7.62,0,5,2,52.8,8.2,7.6,8.3,4.7,1,6.2,3.6,4.8,Yes,Female,MECH,1,11.78
6.92,0,2,1,54.5,4.6,8.7,7.3,5.7,1,5.5,4.2,4.9,No,Male,EEE,0,0.0
8.66,2,2,2,87.2,6.2,6.5,5.8,5.9,1,6.6,5.8,5.7,Yes,Male,ECE,1,10.14
6.51,1,0,1,50.2,3.2,6.4,4.1,7.5,0,5.6,6.1,3.3,No,Male,CSE,0,0.0
7.21,2,0,1,65.1,5.6,9.2,6.1,7.7,0,4.2,0.0,5.7,Yes,Male,CSM (AI/ML),0,0.0
6.96,1,2,1,47.5,6.8,8.1,4.7,4.6,0,3.7,4.5,6.8,Yes,Male,IT,1,10.26
8.85,0,2,1,51.5,7.6,6.8,8.0,7.7,1,5.9,4.0,5.4,Yes,Female,CSM (AI/ML),1,8.87
7.6,0,0,0,53.9,6.3,3.2,8.1,7.3,0,8.0,7.9,4.2,Yes,Male,ECE,0,0.0
8.43,4,2,1,85.2,6.9,2.6,4.9,5.6,0,5.0,6.2,4.5,Yes,Female,ECE,1,6.5
5.91,1,1,1,70.2,5.1,7.0,8.1,7.4,0,4.1,4.6,6.7,Yes,Female,CSE,0,0.0
7.67,1,4,2,75.5,6.2,7.0,4.6,5.2,2,5.0,5.5,2.7,No,Male,IT,1,10.84
8.29,0,4,1,33.1,5.3,4.4,8.6,6.9,0,4.4,1.5,3.3,No,Female,CSE,0,0.0
7.48,2,3,3,62.6,6.7,6.5,6.2,9.7,3,4.2,6.4,1.5,Yes,Male,EEE,1,9.74
8.47,0,2,2,55.9,8.4,4.1,7.1,6.6,0,2.6,4.2,5.3,No,Male,MECH,1,8.01
6.88,0,5,3,69.9,6.1,6.9,8.6,5.8,0,5.0,3.3,7.2,No,Female,MECH,1,9.4
8.81,0,3,2,100.0,4.0,6.9,7.3,4.5,2,6.0,7.8,8.3,Yes,Male,MECH,1,8.4
9.7,0,3,4,23.8,6.5,6.9,6.2,6.4,0,3.3,5.6,8.8,Yes,Male,MECH,1,12.17
7.04,2,2,0,68.4,7.3,6.4,7.7,7.7,1,3.7,3.6,3.6,Yes,Male,CSM (AI/ML),0,0.0
6.95,1,5,3,97.3,4.7,5.2,4.9,5.3,1,3.6,3.7,5.8,Yes,Male,CIVIL,1,6.14
8.85,0,2,4,53.8,8.2,5.4,3.5,7.1,0,2.7,5.8,4.3,Yes,Male,CIVIL,1,10.61
8.98,2,2,2,64.4,5.2,8.0,8.1,5.9,0,3.6,5.6,9.0,Yes,Male,CSM (AI/ML),1,12.87
6.88,0,4,5,72.8,5.0,6.6,4.4,5.7,2,5.1,5.1,8.2,Yes,Male,ECE,1,7.82
6.98,1,2,2,27.5,3.4,6.7,7.8,7.0,0,2.8,2.5,5.6,Yes,Female,ECE,0,0.0
7.12,1,2,1,66.3,6.6,6.0,6.6,3.6,1,5.2,2.8,3.8,Yes,Female,CSE,1,9.78
6.06,1,6,2,49.3,9.1,7.0,6.4,6.0,1,4.1,3.4,0.0,No,Male,CSE,1,11.53
6.48,0,1,3,94.8,6.8,7.6,5.0,7.7,2,3.6,4.6,1.9,Yes,Male,CSE,1,9.0
6.4,1,3,0,58.7,5.0,4.6,5.7,6.0,0,6.3,4.9,0.9,Yes,Male,CIVIL,0,0.0
6.63,1,1,1,50.6,7.0,6.9,6.4,6.3,0,4.2,4.7,1.9,Yes,Male,ECE,0,0.0
7.37,0,2,1,75.5,7.5,5.4,6.7,6.1,2,4.6,4.8,9.5,No,Male,CIVIL,1,8.83
7.63,0,3,1,69.8,8.1,6.4,5.0,9.0,0,8.1,9.0,2.2,Yes,Female,MECH,1,9.75
8.95,0,3,2,76.3,4.2,7.4,7.5,6.8,0,3.7,6.8,2.8,Yes,Male,CSM (AI/ML),1,9.72
6.4,1,4,4,92.6,8.7,3.0,7.6,4.5,1,8.6,7.5,3.1,Yes,Male,CSE,0,0.0
8.38,1,2,4,52.6,6.5,3.7,7.1,5.1,1,4.8,6.0,10.0,Yes,Female,ECE,1,7.17
7.19,0,6,3,89.5,9.0,4.5,5.7,6.4,1,3.2,5.2,5.1,Yes,Female,IT,1,10.44
7.35,1,0,2,92.0,6.4,4.4,7.7,8.1,0,4.4,5.9,7.5,No,Male,MECH,0,0.0
8.07,1,6,6,49.7,7.1,5.5,7.3,7.2,1,5.6,5.5,5.6,Yes,Male,MECH,1,10.34
6.28,3,3,4,51.3,4.7,9.0,3.5,7.7,0,8.0,6.7,0.6,Yes,Female,MECH,1,11.51
7.78,1,1,0,62.8,7.8,8.0,6.7,4.7,0,7.1,3.0,8.7,Yes,Male,ECE,1,13.11
7.57,0,1,1,58.8,4.5,4.7,9.3,7.2,1,5.6,6.5,6.1,Yes,Male,CSE,0,0.0
7.89,1,2,1,89.3,6.6,7.5,7.9,5.3,1,8.0,5.4,4.9,Yes,Male,CSM (AI/ML),1,9.79
7.69,1,3,2,48.2,5.5,5.7,8.1,6.1,1,1.7,1.2,9.2,No,Male,ECE,1,9.14
9.86,1,5,1,65.9,6.1,6.5,5.3,7.5,2,6.0,5.2,4.4,Yes,Male,CSM (AI/ML),1,10.05
6.76,3,0,0,49.8,7.9,3.9,6.6,5.5,0,6.1,2.3,4.9,Yes,Female,MECH,0,0.0
6.87,0,1,0,63.7,5.6,3.3,6.1,4.3,0,6.1,3.9,4.4,Yes,Male,CSM (AI/ML),0,0.0
6.78,1,2,1,96.3,8.0,7.2,6.4,5.8,1,2.3,4.7,7.7,Yes,Female,CSE,0,0.0
6.84,2,2,1,91.2,5.5,5.9,5.6,6.5,0,3.5,1.8,7.1,No,Male,MECH,0,0.0
6.76,1,3,0,68.1,6.4,6.8,4.5,7.3,0,5.2,4.9,5.8,Yes,Male,EEE,1,9.21
8.59,1,4,1,72.1,9.6,8.8,6.5,5.1,1,7.7,5.1,2.8,No,Female,CSE,1,15.79
8.82,1,3,2,69.5,6.4,5.3,5.2,5.5,0,9.3,6.6,4.3,No,Female,IT,1,9.36
6.83,3,2,2,57.1,6.1,5.4,7.3,6.6,0,4.2,4.0,2.8,Yes,Female,CSM (AI/ML),1,8.95
6.57,2,2,2,92.7,6.4,9.2,6.4,7.1,1,2.9,5.6,7.9,No,Male,EEE,1,11.3
7.87,4,3,0,83.1,5.7,5.8,3.5,6.6,1,7.1,4.8,1.6,Yes,Male,CIVIL,1,10.59
6.85,2,2,2,65.7,4.6,4.3,8.5,6.1,1,10.0,4.1,8.9,Yes,Female,CSE,0,0.0
8.03,1,1,2,58.5,9.5,7.2,7.1,5.3,0,7.7,1.5,8.2,No,Male,CIVIL,1,12.94
7.6,2,3,2,59.6,5.5,5.3,5.7,7.5,4,4.0,4.8,3.1,Yes,Female,EEE,0,0.0
5.88,1,5,1,67.4,3.8,4.2,5.9,8.0,0,10.0,6.6,4.2,Yes,Female,CSE,0,0.0
8.95,2,1,2,61.4,6.0,6.0,4.6,5.5,0,6.9,3.0,3.6,No,Male,EEE,1,9.8
9.2,0,2,3,80.2,6.8,7.4,6.3,5.6,1,3.9,4.5,6.2,No,Female,CIVIL,1,11.33
6.79,2,1,1,69.7,5.9,3.6,7.4,7.3,0,9.4,4.9,8.4,Yes,Male,MECH,1,5.18
7.01,3,5,2,46.7,6.1,3.6,9.0,6.5,1,3.8,7.3,7.9,No,Female,MECH,1,5.58
7.69,2,2,0,43.7,5.9,5.6,6.3,7.1,0,4.3,5.1,4.2,No,Female,CSE,1,9.74
7.73,1,0,3,77.9,6.9,3.7,6.5,6.7,0,7.0,5.6,8.1,Yes,Male,CSE,1,4.87
8.06,1,1,1,43.5,7.5,3.4,8.2,6.8,2,5.5,5.0,7.9,Yes,Female,ECE,0,0.0
9.41,0,1,4,56.4,5.9,5.8,4.7,5.7,3,5.6,4.0,4.8,No,Female,ECE,0,0.0
7.22,0,4,2,55.0,10.0,7.9,6.6,3.5,1,5.6,2.6,5.2,No,Male,IT,1,12.47
6.6,0,2,2,42.2,7.9,7.3,5.3,6.6,3,7.7,4.4,8.7,Yes,Female,ECE,0,0.0
6.02,1,3,1,67.0,6.2,5.6,6.6,7.3,0,0.9,5.8,7.6,Yes,Male,CSM (AI/ML),1,8.83
6.67,2,3,1,60.0,4.1,8.2,7.8,6.7,0,6.1,5.3,8.0,No,Female,CSE,1,9.01
7.37,0,2,2,51.8,6.4,9.1,3.9,5.3,0,4.9,8.1,10.0,Yes,Male,CSE,1,13.04
9.19,2,0,3,95.4,7.5,6.7,8.1,5.5,0,4.0,7.0,6.5,No,Male,CSE,1,11.83
6.88,3,1,1,23.1,7.5,5.1,6.9,9.7,0,4.0,7.6,5.9,Yes,Male,ECE,0,0.0
7.62,1,2,3,48.2,3.2,8.8,6.6,6.8,1,0.2,0.7,8.3,No,Male,CSE,1,8.91
7.38,1,2,2,52.8,6.4,8.7,8.4,3.0,2,3.9,8.3,9.8,Yes,Female,CIVIL,1,9.74
8.59,0,0,2,40.3,5.4,6.3,5.2,5.5,0,8.1,5.6,3.8,No,Male,ECE,1,8.57
9.93,2,0,1,98.1,8.6,8.1,4.4,6.0,2,7.2,5.9,4.7,Yes,Female,CIVIL,1,15.28
6.87,2,2,2,98.0,6.4,4.3,4.9,4.6,0,5.1,6.9,2.9,Yes,Male,CSM (AI/ML),0,0.0
6.91,1,0,1,51.0,2.5,1.9,7.2,6.1,1,2.7,5.0,6.0,No,Male,ECE,0,0.0
8.44,2,1,2,82.3,6.8,4.0,5.7,5.6,0,7.1,2.8,7.2,Yes,Female,ECE,1,10.18
8.08,1,5,3,71.5,3.1,6.2,5.1,6.6,1,8.1,8.0,3.0,Yes,Female,IT,1,6.76
9.25,2,4,2,88.5,6.9,5.7,4.9,5.9,0,7.6,3.4,7.8,No,Female,MECH,1,12.55
7.98,0,0,1,60.3,10.0,7.6,6.7,5.3,3,3.6,2.9,4.2,Yes,Male,ECE,1,11.24
7.04,0,3,1,68.9,8.4,3.0,6.4,5.8,0,3.8,4.5,4.0,No,Female,ECE,0,0.0
7.99,0,1,0,84.4,6.6,3.0,4.3,7.5,0,8.8,4.2,7.8,Yes,Male,CSE,0,0.0
8.51,0,3,0,82.0,5.1,7.2,4.3,6.4,0,3.1,5.0,3.8,No,Female,MECH,0,0.0
8.22,2,1,2,64.4,8.2,3.1,5.6,6.0,3,6.5,4.8,2.0,Yes,Female,IT,1,7.46
7.91,2,1,1,46.9,7.2,5.3,7.8,6.8,1,1.9,7.8,6.9,Yes,Female,CSE,1,10.92
8.47,2,3,2,49.8,5.8,5.8,5.8,6.3,0,4.9,6.0,4.9,No,Female,EEE,1,9.65
8.57,0,5,2,32.4,5.3,4.6,4.2,4.8,0,6.7,3.2,8.0,Yes,Female,ECE,1,5.66
8.78,1,2,0,74.6,4.7,6.9,6.3,7.3,1,5.4,3.5,7.1,No,Female,CIVIL,0,0.0
8.05,0,0,2,65.4,6.8,1.9,6.5,5.4,0,6.5,4.2,1.2,No,Female,CSE,0,0.0
7.23,1,3,2,66.6,5.5,9.3,4.2,5.8,0,3.0,4.2,8.2,No,Male,CSE,1,13.63
7.55,1,2,1,61.6,6.5,5.2,4.6,4.2,1,3.9,3.9,9.6,Yes,Male,CSE,0,0.0
8.61,1,4,1,43.7,7.7,5.5,7.5,7.5,1,6.5,2.7,7.6,Yes,Male,CSE,1,10.73
6.58,4,2,1,67.0,5.5,10.0,4.6,6.5,0,6.9,5.6,7.7,Yes,Female,EEE,1,14.64
7.77,0,4,3,71.7,7.2,3.2,7.6,6.7,1,5.9,4.0,4.6,Yes,Male,CSE,1,5.96
7.01,2,5,1,48.1,8.2,3.8,4.1,7.4,0,7.4,3.0,4.1,Yes,Female,EEE,1,11.87
7.43,1,1,2,61.5,6.8,8.5,4.1,7.5,1,2.2,6.0,5.7,No,Female,CIVIL,0,0.0
8.68,1,4,0,51.6,7.3,2.8,6.4,5.3,1,4.6,6.8,7.3,Yes,Male,CSE,1,7.32
7.59,0,1,0,58.6,6.8,6.7,5.3,6.3,0,9.1,4.5,7.3,No,Male,CSE,0,0.0
7.45,1,3,0,43.8,6.2,4.6,5.6,6.2,1,8.1,8.7,4.2,Yes,Male,IT,1,7.57
6.04,0,2,3,57.7,7.5,2.7,6.6,6.0,0,6.8,9.7,4.0,Yes,Male,EEE,0,0.0
8.15,1,4,0,88.0,8.8,6.8,5.6,5.2,0,5.2,6.0,1.8,Yes,Male,CSE,1,11.03
8.05,1,1,0,54.0,7.6,6.9,5.0,8.3,0,7.6,4.0,6.7,Yes,Male,CSM (AI/ML),1,12.61
9.56,1,4,2,51.1,5.9,5.8,7.1,7.7,2,6.4,5.6,4.3,No,Female,IT,1,11.38
7.09,3,2,0,52.1,5.9,9.7,6.7,6.9,0,2.5,2.4,4.5,No,Male,CSE,1,13.97
7.62,1,1,0,59.0,6.0,4.3,6.5,8.2,1,7.5,3.2,9.2,No,Male,MECH,1,5.28
7.65,1,1,1,90.7,7.7,7.4,6.4,7.0,2,3.8,1.5,6.6,No,Female,CSE,0,0.0
8.98,1,0,1,84.5,5.4,6.4,5.2,5.9,3,7.0,3.7,5.9,Yes,Female,CSM (AI/ML),0,0.0
7.3,2,3,0,59.7,4.6,7.6,4.9,5.7,3,2.3,2.4,7.1,Yes,Female,CIVIL,0,0.0
7.68,0,3,0,51.7,7.0,4.8,5.9,6.8,1,8.7,6.3,8.5,Yes,Male,CSE,1,9.09
8.01,2,4,3,33.8,6.2,3.2,5.2,4.4,2,5.0,3.4,1.5,No,Female,CSM (AI/ML),0,0.0
7.59,0,1,1,47.4,8.6,4.5,6.4,7.5,2,3.3,5.6,3.9,Yes,Male,ECE,0,0.0
6.95,1,1,1,30.4,2.6,5.7,5.8,4.0,1,4.1,6.6,4.7,Yes,Male,EEE,0,0.0
7.59,0,5,0,73.8,6.5,7.1,6.4,7.8,1,4.8,7.5,2.9,Yes,Male,CSE,1,7.72
8.47,0,5,3,83.4,5.6,5.8,6.3,7.0,1,5.5,4.3,4.6,No,Male,CSM (AI/ML),1,8.28
6.37,1,4,1,56.0,7.5,6.2,9.0,9.0,0,8.1,5.7,1.6,No,Female,CSM (AI/ML),1,9.67
7.53,0,0,3,68.1,5.8,9.1,4.3,6.6,0,5.6,5.7,7.3,Yes,Female,CSE,1,12.62
6.7,2,2,2,44.6,5.3,5.8,6.1,7.2,0,1.2,7.7,4.0,No,Male,CSM (AI/ML),1,8.94
8.6,1,0,2,31.0,7.7,4.8,4.7,7.3,0,3.0,6.6,5.7,Yes,Male,IT,1,9.02
5.88,0,2,0,62.9,8.2,6.6,5.7,5.1,0,10.0,7.7,5.3,Yes,Male,CSE,0,0.0
6.84,0,4,1,68.1,6.0,2.5,5.2,4.8,1,5.8,1.5,6.5,Yes,Female,ECE,0,0.0
7.78,1,0,1,89.3,6.1,2.5,7.4,5.0,1,7.4,3.6,0.0,Yes,Male,CSM (AI/ML),0,0.0
8.97,0,3,0,95.0,8.2,5.5,4.2,6.3,0,4.9,7.2,6.2,Yes,Male,CSE,1,11.98
7.33,2,1,5,57.5,8.1,4.0,7.6,6.3,0,3.5,6.2,4.6,Yes,Male,CSM (AI/ML),0,0.0
6.84,1,2,0,76.6,7.9,4.6,7.2,6.3,1,4.5,4.7,6.1,No,Male,ECE,0,0.0
9.28,1,2,4,67.0,5.6,7.6,9.5,7.0,0,5.8,4.0,2.5,Yes,Female,CSM (AI/ML),1,12.0
5.95,1,2,0,62.0,5.1,6.8,9.1,5.3,2,4.6,6.7,6.2,Yes,Female,EEE,0,0.0
5.2,0,4,0,61.4,8.8,5.7,5.2,7.5,1,9.3,0.8,8.2,No,Male,IT,0,0.0
7.84,0,2,0,59.7,7.2,6.0,8.3,6.9,1,4.3,6.7,5.6,No,Male,CSE,0,0.0
6.9,1,2,0,60.4,5.0,5.0,5.9,8.5,0,3.4,5.2,3.6,No,Male,EEE,0,0.0
6.38,4,4,1,88.5,6.0,7.4,6.9,6.9,1,7.1,4.0,3.7,Yes,Female,CSE,1,11.64
8.11,0,3,0,65.4,6.3,7.3,9.0,6.2,1,7.4,6.1,6.5,No,Male,CSE,1,8.79
7.64,1,3,1,89.9,6.0,7.7,5.3,9.3,0,5.6,4.2,6.5,Yes,Male,CSE,0,0.0
6.84,2,4,1,47.6,5.7,7.6,6.5,6.2,1,4.3,5.1,6.0,Yes,Male,ECE,1,12.55
6.12,0,2,2,16.7,8.2,5.9,3.5,6.7,0,1.7,4.9,5.1,Yes,Male,CSE,0,0.0
8.27,1,1,0,54.6,7.0,4.5,7.7,6.9,1,7.9,6.6,5.7,Yes,Female,MECH,1,8.42
8.05,2,4,3,48.6,9.8,5.5,9.6,7.6,1,7.2,5.3,5.1,Yes,Male,CSE,1,13.07
7.3,1,1,3,38.1,8.3,6.0,7.3,6.4,0,4.6,1.0,4.3,No,Male,ECE,0,0.0
9.25,1,3,3,82.8,6.4,4.5,8.5,10.0,0,5.6,2.1,6.9,Yes,Female,EEE,0,0.0
6.33,1,1,1,40.6,8.5,8.9,8.1,5.5,1,5.0,2.7,5.9,No,Female,CSE,1,12.98
5.87,0,2,0,71.3,6.8,8.9,5.3,8.4,0,8.8,6.0,8.2,No,Male,ECE,0,0.0
6.71,0,4,1,94.2,10.0,5.6,6.9,4.3,2,3.4,6.2,7.8,Yes,Male,CSE,0,0.0
7.35,2,2,2,43.6,5.7,7.8,7.1,4.9,0,4.3,8.5,5.8,Yes,Female,CSE,0,0.0
7.64,0,6,2,58.3,6.9,6.9,4.7,4.1,1,4.1,2.9,6.6,Yes,Male,MECH,1,11.57
7.16,3,3,1,83.6,5.2,4.9,8.6,5.0,4,6.1,7.7,3.0,Yes,Female,CSM (AI/ML),0,0.0
7.75,2,4,1,55.4,5.6,6.6,5.6,4.0,2,5.6,0.9,5.0,No,Male,MECH,0,0.0
6.15,3,6,1,67.3,5.7,4.3,6.1,6.5,1,5.9,5.0,6.0,Yes,Male,CSE,0,0.0
8.84,0,2,3,72.2,8.2,4.1,6.0,5.0,1,3.7,5.5,1.6,Yes,Male,CSM (AI/ML),1,9.35
7.32,0,2,1,64.8,6.5,6.7,6.5,8.4,1,8.5,5.5,6.2,Yes,Male,CSE,0,0.0
8.52,0,2,1,54.8,2.3,6.7,10.0,7.0,3,4.6,4.3,3.0,No,Male,ECE,0,0.0
7.74,3,1,1,49.5,6.3,10.0,5.5,6.4,0,7.9,5.2,3.2,Yes,Female,CSM (AI/ML),1,14.86
7.86,0,2,2,44.5,4.6,5.5,4.1,6.7,1,10.0,2.4,4.0,No,Male,CSE,0,0.0
7.97,2,0,0,71.5,5.5,4.8,6.6,7.2,0,3.8,6.8,5.1,Yes,Female,ECE,0,0.0
7.85,1,2,2,51.5,8.0,7.6,5.1,8.0,1,6.2,5.5,2.1,No,Female,CSE,1,14.1
8.04,0,4,4,81.1,4.1,5.8,5.8,5.6,0,5.2,5.8,7.2,No,Male,MECH,1,8.51
8.73,1,4,1,87.4,4.2,4.6,7.3,5.3,2,9.6,4.4,5.6,No,Female,ECE,1,8.47
7.6,1,1,2,43.5,3.5,4.7,4.8,6.9,2,4.9,4.3,9.6,No,Female,EEE,0,0.0
8.11,0,4,1,73.8,5.6,5.5,5.9,8.5,1,6.0,6.1,5.9,Yes,Male,MECH,0,0.0
7.31,0,4,0,94.9,3.5,7.8,6.8,4.4,0,6.0,8.3,6.5,No,Male,CSE,1,8.22
8.84,1,2,5,48.3,3.6,6.6,5.2,6.9,0,5.3,2.1,3.2,No,Female,CSM (AI/ML),1,9.44
6.72,1,5,0,81.2,5.8,4.2,6.3,8.1,2,7.0,2.0,2.5,Yes,Female,CSE,0,0.0
9.2,0,1,0,71.0,6.7,9.3,6.8,7.2,0,5.7,5.6,6.6,Yes,Female,CSE,0,0.0
7.36,2,2,2,77.4,4.7,4.1,6.2,6.8,1,6.5,4.3,2.7,Yes,Female,CSE,1,5.47
5.97,0,2,3,49.9,6.8,4.4,6.6,7.1,1,5.9,5.3,6.7,No,Female,ECE,1,5.62
7.53,2,2,2,92.5,6.4,8.0,6.9,8.8,0,4.3,5.0,9.1,Yes,Male,CSM (AI/ML),1,10.8
6.72,1,2,1,51.3,7.1,8.6,5.4,7.4,0,5.0,6.3,7.4,No,Female,CSE,1,11.3
8.24,4,1,0,72.3,4.5,6.5,4.2,4.1,0,6.6,4.4,6.5,No,Female,CSE,1,10.69
6.75,1,0,1,61.0,9.4,3.3,4.8,6.2,2,6.6,2.5,5.8,Yes,Female,CSE,0,0.0
6.95,0,1,2,70.6,4.4,6.0,4.6,6.4,2,8.0,3.3,4.3,No,Male,CSM (AI/ML),0,0.0
5.51,3,3,2,46.3,5.2,3.2,8.2,7.7,1,9.2,4.7,4.9,No,Female,EEE,1,3.83
6.95,2,5,1,42.4,7.0,10.0,3.8,6.4,0,4.5,2.4,3.9,Yes,Female,EEE,0,0.0
4.98,1,3,3,66.6,6.4,6.3,7.3,6.3,0,5.8,4.9,2.2,No,Female,CSM (AI/ML),1,7.64
5.82,0,4,1,56.1,7.6,7.3,5.4,6.4,2,5.1,5.1,5.3,No,Male,MECH,0,0.0
8.16,4,0,1,55.6,5.7,5.1,8.0,6.6,0,3.3,4.2,7.7,No,Female,CSM (AI/ML),1,9.14
8.19,2,2,0,70.7,4.2,9.2,5.8,6.2,0,6.6,5.4,2.2,Yes,Male,ECE,0,0.0
7.83,0,3,3,38.1,3.8,4.8,6.4,5.7,0,7.1,1.6,8.4,Yes,Female,CSE,0,0.0
6.43,1,2,6,81.3,9.0,4.2,7.2,6.1,0,3.3,3.0,8.0,No,Male,CSE,1,8.8
7.35,0,4,4,63.9,5.7,6.4,8.3,6.7,0,4.8,2.6,6.1,Yes,Male,MECH,0,0.0
7.4,1,5,2,74.2,5.9,7.5,5.5,7.2,0,4.6,6.8,6.1,Yes,Male,IT,1,11.17
6.24,1,2,1,70.4,9.1,9.8,5.5,10.0,1,2.5,9.8,4.8,No,Male,EEE,1,14.64
8.9,1,1,0,71.3,5.4,8.9,7.2,4.4,0,5.4,3.2,5.3,Yes,Female,CSE,1,12.01
8.28,0,2,0,42.8,6.2,8.1,4.0,7.1,0,3.2,4.5,4.1,Yes,Male,CSE,1,13.67
7.18,0,1,2,80.6,4.5,4.5,3.8,8.4,0,5.8,3.5,5.3,No,Male,CSM (AI/ML),0,0.0
7.43,1,2,4,66.4,4.1,4.5,7.0,5.2,0,6.0,5.5,5.5,Yes,Female,MECH,0,0.0
7.61,1,1,1,54.4,9.2,4.1,7.4,7.3,0,6.3,3.7,9.5,Yes,Female,CSE,0,0.0
5.36,0,3,2,60.0,9.2,5.5,6.9,5.8,0,6.4,5.6,6.5,No,Female,MECH,1,7.27
7.15,2,0,1,67.8,7.8,2.2,6.3,5.6,0,8.6,6.4,4.7,No,Male,ECE,0,0.0
6.72,2,3,2,64.9,7.8,8.4,5.6,5.3,1,3.9,2.4,5.0,No,Female,MECH,1,11.39
6.4,1,4,0,71.6,7.4,3.9,8.8,6.2,0,4.0,5.6,3.6,No,Male,ECE,1,7.1
7.12,1,3,0,88.5,5.0,3.6,9.0,6.1,0,6.8,1.2,3.9,Yes,Female,ECE,1,4.48
9.2,2,1,3,45.4,6.7,5.0,6.6,7.4,2,5.2,4.5,7.3,Yes,Female,CSE,1,8.86
8.04,2,1,0,74.0,5.4,3.2,5.4,4.3,0,7.8,4.3,4.1,No,Female,MECH,0,0.0
6.83,2,1,2,60.3,2.1,7.0,4.9,7.5,0,6.6,4.5,3.8,Yes,Male,CIVIL,0,0.0
7.97,3,5,2,80.3,8.0,4.0,7.0,7.5,0,9.3,4.3,3.8,No,Female,CIVIL,1,11.35
8.8,1,2,1,88.0,7.1,6.8,4.6,6.7,0,5.3,4.0,3.5,Yes,Female,CSE,1,11.87
8.32,2,1,2,65.1,4.1,7.6,4.6,9.5,0,2.5,4.4,7.8,Yes,Male,EEE,0,0.0
7.46,2,2,0,71.9,5.6,4.8,5.7,8.0,0,6.2,5.5,5.5,Yes,Male,IT,1,7.55
6.75,1,2,3,81.5,7.9,4.4,7.2,5.6,0,5.4,5.6,4.6,Yes,Female,ECE,0,0.0
8.1,1,3,5,78.0,6.4,4.3,8.6,4.6,1,6.6,5.2,5.3,No,Male,CSE,0,0.0
7.79,2,1,3,82.1,3.5,3.7,6.8,5.3,0,6.8,3.8,5.7,Yes,Female,CIVIL,1,7.49
8.3,2,1,1,57.2,4.3,5.0,7.1,5.5,1,4.4,7.3,3.5,Yes,Female,CSE,1,8.23
8.04,2,1,0,53.7,9.2,5.9,7.9,3.7,0,3.5,8.2,2.0,Yes,Female,CSE,1,12.08
8.45,0,3,2,43.8,6.3,3.2,7.7,7.0,1,5.2,2.3,8.3,Yes,Male,CSM (AI/ML),1,5.89
6.86,0,3,0,58.9,7.9,4.6,5.6,4.5,1,0.7,5.3,7.5,Yes,Male,CSE,0,0.0
8.72,0,4,0,60.7,9.1,6.1,7.7,6.6,0,5.7,4.0,6.1,Yes,Male,CSE,1,11.41
7.6,2,0,2,59.7,5.5,5.9,7.9,7.6,1,4.7,6.9,7.3,No,Female,ECE,0,0.0
9.48,0,0,0,69.9,6.8,1.0,6.9,8.3,0,7.2,5.0,9.6,No,Female,ECE,1,4.72
6.71,0,1,2,70.3,3.1,7.0,6.6,5.9,1,1.5,5.1,4.0,No,Female,CIVIL,0,0.0
9.14,1,3,3,61.0,5.2,8.2,7.3,5.3,0,5.5,6.0,2.6,No,Male,EEE,1,12.94
7.6,2,5,1,67.5,7.1,4.7,7.1,8.2,1,8.7,4.4,6.7,Yes,Female,CIVIL,1,10.29
6.75,2,1,1,75.2,5.9,2.5,3.6,8.4,2,6.9,8.5,1.8,No,Male,CSM (AI/ML),0,0.0
6.92,1,2,3,49.2,6.9,4.3,7.0,7.3,0,7.5,6.1,5.3,Yes,Female,CSM (AI/ML),1,8.66
7.08,0,2,1,76.9,7.7,4.3,8.2,5.3,1,6.2,7.0,4.5,Yes,Male,ECE,1,7.98
7.82,1,0,4,52.2,7.1,8.1,7.9,4.5,1,2.2,4.5,6.7,Yes,Male,EEE,1,11.45
7.92,0,0,1,85.0,6.7,3.7,7.0,7.9,0,5.8,4.7,4.1,Yes,Male,ECE,0,0.0
6.83,0,0,6,64.7,6.5,5.1,6.6,6.2,0,6.3,6.7,8.0,Yes,Female,CSE,0,0.0
7.38,0,1,2,63.0,5.3,9.0,5.8,8.0,1,3.3,6.5,3.5,Yes,Female,CSM (AI/ML),0,0.0
9.54,1,2,4,33.4,4.7,6.1,6.2,5.4,2,5.2,2.4,6.8,No,Male,CSM (AI/ML),1,7.29
9.13,1,1,2,72.5,8.4,6.2,7.5,7.9,0,0.0,5.3,3.7,No,Male,CSE,1,11.87
7.84,1,3,0,63.5,7.5,5.6,7.0,8.3,0,4.8,6.0,6.5,Yes,Male,CIVIL,1,8.86
7.44,1,6,4,64.8,4.9,7.7,7.8,6.0,1,4.6,4.7,2.9,Yes,Male,ECE,1,13.02
7.52,2,2,1,60.5,6.3,6.6,5.6,6.7,0,8.3,5.8,5.1,Yes,Female,MECH,1,9.85
8.01,1,2,1,72.0,4.0,9.3,8.0,4.7,0,4.3,4.8,8.2,Yes,Male,CSE,0,0.0
6.38,2,2,5,75.2,5.4,9.5,5.5,4.7,0,5.0,0.3,5.5,Yes,Female,ECE,1,12.01
7.14,1,1,0,69.7,7.1,6.4,6.7,6.7,0,5.3,2.2,7.9,No,Female,IT,1,11.07
5.73,3,1,1,83.1,6.6,5.7,5.6,5.5,0,4.3,7.0,5.1,Yes,Male,CSE,1,8.25
7.8,0,3,0,50.5,6.4,6.1,6.3,6.6,0,6.9,4.5,4.0,Yes,Female,CSM (AI/ML),0,0.0
8.05,1,1,1,52.5,4.8,4.7,9.5,6.5,0,1.5,5.4,5.6,No,Female,CSM (AI/ML),1,6.97
6.92,1,0,1,68.5,4.5,6.1,7.2,7.2,0,7.8,5.0,6.6,Yes,Female,CSM (AI/ML),0,0.0
8.97,0,2,5,72.6,7.7,3.1,6.7,7.0,0,5.5,3.3,0.8,Yes,Male,ECE,1,9.79
6.17,2,1,2,70.3,8.9,4.4,8.5,7.6,0,8.1,4.0,6.4,Yes,Male,CSM (AI/ML),1,8.78
5.94,1,2,4,41.4,7.1,7.3,2.6,6.6,0,0.0,5.7,3.0,Yes,Female,EEE,0,0.0
7.62,0,2,1,42.8,5.9,6.8,6.2,6.7,0,0.6,5.9,2.5,No,Male,ECE,0,0.0
8.45,1,5,3,59.0,8.2,5.6,5.7,6.3,0,4.9,9.6,6.4,No,Female,CSE,1,13.46
9.08,0,2,0,33.4,4.9,6.6,5.1,7.8,0,6.5,4.0,8.3,Yes,Male,IT,0,0.0
6.94,0,0,0,66.2,7.9,8.7,4.1,8.9,0,4.4,8.5,5.7,Yes,Male,CSE,0,0.0
8.48,0,5,3,60.8,5.2,5.1,6.1,7.3,0,6.7,3.2,2.1,No,Female,ECE,0,0.0
7.36,0,2,2,47.4,5.3,3.1,7.4,7.0,0,7.5,6.0,3.7,Yes,Male,CSE,0,0.0
7.23,2,1,0,53.2,5.7,7.0,6.2,6.0,0,6.8,5.4,4.2,Yes,Male,CIVIL,0,0.0
8.28,2,4,3,63.8,6.0,6.8,7.6,6.6,0,5.7,4.7,5.7,No,Male,IT,0,0.0
8.05,2,4,2,38.1,7.7,7.2,6.5,5.7,0,5.7,5.0,5.0,No,Male,CSM (AI/ML),1,14.51
5.82,0,4,2,52.3,4.1,3.5,8.1,5.4,0,4.3,3.7,6.3,No,Male,CSE,0,0.0
8.88,2,5,2,57.8,5.2,2.9,5.6,6.0,0,5.4,6.9,7.5,No,Female,MECH,1,5.7
8.78,0,3,3,57.2,6.5,6.3,3.6,8.8,1,3.5,3.2,6.0,Yes,Female,CSE,1,11.63
6.77,1,0,1,57.7,7.1,6.2,4.0,6.2,0,3.9,5.7,7.3,No,Male,EEE,0,0.0
7.8,2,0,1,83.7,3.5,5.1,5.7,8.6,0,6.5,6.6,4.6,Yes,Female,CIVIL,0,0.0
7.89,1,4,4,77.2,4.9,8.5,5.1,4.9,0,4.6,7.9,10.0,Yes,Female,ECE,1,11.87
7.66,1,6,1,51.7,3.4,5.8,5.5,6.5,0,4.0,7.0,6.5,Yes,Female,CIVIL,1,7.96
6.85,3,2,3,45.4,5.1,8.1,8.1,7.3,0,6.4,6.2,6.8,Yes,Female,CSE,1,11.67
6.73,0,0,4,55.4,5.5,7.5,4.1,7.4,0,6.3,3.7,9.2,Yes,Male,CIVIL,1,9.5
7.37,2,1,1,81.6,7.0,3.7,8.7,4.8,1,5.1,3.3,5.4,Yes,Male,CSE,1,5.23
8.57,2,1,2,28.0,2.5,4.1,5.2,4.6,4,5.2,2.6,3.7,Yes,Male,CSE,0,0.0
7.94,1,3,2,63.3,7.2,3.4,4.5,7.2,0,6.3,2.4,8.2,Yes,Female,CIVIL,0,0.0
7.03,1,1,0,57.1,5.4,6.6,6.2,5.5,0,7.4,5.0,8.3,Yes,Female,ECE,0,0.0
8.17,2,1,1,81.2,5.7,6.0,8.6,7.2,0,5.9,3.5,5.6,Yes,Female,MECH,1,8.8
4.55,2,0,1,77.7,7.8,8.4,5.3,8.3,0,3.1,7.5,9.2,Yes,Female,MECH,0,0.0
8.55,1,2,0,38.5,8.4,6.9,5.5,5.4,1,5.1,3.8,5.0,Yes,Male,EEE,1,10.1
5.66,0,0,1,81.1,5.2,3.3,5.6,5.6,0,4.7,5.2,7.3,Yes,Female,CSE,0,0.0
7.04,1,6,2,24.7,5.1,4.9,8.1,3.5,1,3.4,4.4,8.7,Yes,Male,EEE,0,0.0
6.28,0,1,1,71.8,5.6,1.8,5.7,7.4,0,6.5,2.1,5.4,Yes,Female,CSE,0,0.0
6.11,1,4,4,73.2,5.1,6.4,7.1,9.3,0,6.6,7.3,6.3,Yes,Male,CSE,0,0.0
8.56,2,6,2,89.0,3.9,10.0,6.6,4.6,1,7.0,6.5,7.6,Yes,Male,EEE,1,14.1
6.93,1,0,1,65.6,6.1,6.0,6.2,8.0,1,3.5,6.7,4.4,No,Male,CIVIL,0,0.0
7.75,2,3,2,51.4,5.1,6.2,5.7,8.2,1,5.8,6.2,3.3,Yes,Female,MECH,1,10.73
7.35,1,0,1,45.9,6.4,5.8,9.4,7.4,2,5.5,3.4,8.3,No,Female,CSM (AI/ML),0,0.0
7.88,0,2,2,85.4,8.9,6.5,10.0,5.5,0,6.1,3.4,5.9,No,Male,MECH,1,11.63
7.48,1,1,0,89.2,6.0,5.5,5.1,6.0,0,5.8,5.9,4.0,Yes,Male,IT,1,6.64
6.12,1,1,3,54.8,5.0,7.0,4.8,7.1,0,5.5,8.2,5.4,Yes,Male,CSM (AI/ML),1,7.55
8.4,2,2,0,62.4,5.8,4.3,6.5,7.0,1,5.2,5.8,6.4,Yes,Male,CSE,0,0.0
6.91,1,0,0,83.8,6.4,4.4,3.0,5.9,2,7.7,7.1,1.6,Yes,Male,CSE,0,0.0
5.84,2,1,1,74.3,5.9,3.3,6.5,6.9,0,3.8,3.9,6.8,No,Female,CSM (AI/ML),0,0.0
6.97,2,1,2,59.0,5.3,5.7,9.4,5.8,0,5.2,7.3,6.1,No,Female,CSE,0,0.0
8.9,1,4,1,49.8,3.5,3.7,5.5,6.1,0,7.7,4.1,9.0,Yes,Female,ECE,0,0.0
8.25,0,3,2,48.5,7.2,8.6,8.0,6.0,0,3.9,5.5,4.7,Yes,Male,MECH,0,0.0
7.05,1,0,1,77.3,4.8,5.0,8.6,7.8,0,4.0,4.2,8.4,Yes,Female,ECE,0,0.0
7.05,0,6,0,56.1,8.5,2.1,5.1,4.3,1,7.0,6.9,5.1,Yes,Male,IT,0,0.0
7.08,1,2,0,55.5,5.6,3.6,6.7,7.2,0,2.7,6.9,5.5,Yes,Male,ECE,0,0.0
9.48,0,1,1,71.8,5.4,6.1,6.9,6.8,0,6.8,1.9,5.8,Yes,Male,CSE,0,0.0
7.78,0,2,2,63.3,5.4,7.0,7.5,3.1,1,4.5,7.8,10.0,Yes,Female,ECE,1,9.45
7.83,2,2,2,68.2,6.4,6.5,7.6,7.5,0,6.3,10.0,2.3,No,Female,IT,1,9.56
8.43,2,2,2,56.8,4.8,4.2,8.1,7.7,3,3.1,4.3,6.3,No,Female,CSE,0,0.0
7.64,2,3,1,56.2,5.1,4.7,5.2,5.7,1,7.9,4.7,5.3,Yes,Male,CSE,1,6.51
7.14,0,0,1,50.2,7.2,4.5,6.7,7.0,0,3.1,7.6,5.1,Yes,Female,EEE,1,5.45
7.2,1,1,1,73.3,4.6,6.9,8.6,6.7,0,6.9,5.1,6.5,Yes,Female,CSM (AI/ML),0,0.0
7.33,2,2,0,63.4,7.1,6.0,8.8,9.4,1,3.1,5.0,7.7,No,Male,MECH,1,9.12
7.36,1,3,0,66.7,7.5,4.9,6.7,7.0,0,9.1,9.0,6.4,Yes,Male,CSM (AI/ML),1,9.82
8.13,2,2,0,45.7,7.3,4.5,5.6,6.4,0,5.4,2.2,8.0,Yes,Female,MECH,0,0.0
7.45,0,1,2,73.1,6.6,4.8,8.0,7.8,0,9.4,3.3,4.6,No,Female,ECE,1,7.83
8.13,1,3,0,67.0,3.3,5.8,7.2,8.6,0,3.9,5.9,5.1,Yes,Female,CSE,1,5.34
7.32,0,1,2,73.7,4.3,8.3,7.2,9.2,2,4.6,1.6,2.9,Yes,Male,CSM (AI/ML),0,0.0
7.48,1,2,2,67.5,4.0,6.2,7.6,5.5,1,7.9,4.2,9.8,No,Male,CSM (AI/ML),0,0.0
5.4,1,6,1,66.6,5.6,5.2,5.0,6.9,0,2.6,4.2,4.8,Yes,Female,MECH,0,0.0
8.32,0,3,4,32.9,6.2,5.0,7.7,5.4,2,4.1,7.0,4.5,No,Female,EEE,1,5.03
7.75,0,0,1,80.2,4.3,9.0,6.6,9.5,0,6.5,6.5,6.6,No,Male,MECH,1,8.23
8.4,0,2,3,40.9,5.9,7.4,8.1,6.4,0,3.5,1.5,7.7,Yes,Female,CSM (AI/ML),0,0.0
4.5,1,4,2,78.6,7.3,7.7,6.4,7.6,1,6.5,3.5,3.6,No,Male,EEE,0,0.0
9.49,0,0,1,60.8,4.6,7.2,7.3,6.1,0,5.8,3.6,7.9,Yes,Male,CSE,0,0.0
7.26,1,3,5,36.3,4.9,5.7,7.1,7.0,1,2.5,4.5,4.5,No,Male,CSE,0,0.0
8.51,3,3,5,60.6,8.1,8.1,5.6,3.8,2,7.4,2.7,8.5,Yes,Female,CSM (AI/ML),1,16.08
6.36,0,3,0,38.0,4.7,3.0,5.0,7.8,1,3.0,5.9,4.0,No,Male,MECH,0,0.0
8.01,0,2,3,79.7,6.7,8.7,7.6,8.1,1,7.0,3.5,6.9,No,Female,ECE,1,13.14
6.35,0,3,2,53.7,8.2,7.2,5.1,5.5,1,5.8,6.2,5.3,No,Female,CSM (AI/ML),0,0.0
6.78,3,0,1,45.3,4.3,6.7,5.9,3.8,0,4.6,5.0,2.6,No,Female,CIVIL,0,0.0
9.31,1,3,3,72.6,4.4,4.4,5.9,8.4,0,3.3,3.0,1.9,Yes,Male,ECE,1,9.01
7.21,0,1,2,61.3,5.8,7.6,7.0,8.2,1,6.2,7.9,3.5,Yes,Female,ECE,1,7.95
7.62,0,5,2,70.3,6.3,8.0,7.4,7.4,0,3.8,8.0,7.5,Yes,Female,IT,1,13.31
8.27,1,1,1,60.2,5.2,4.5,4.1,6.0,0,7.9,5.6,0.7,Yes,Male,ECE,1,7.76
7.9,1,6,2,80.5,9.4,4.5,5.3,5.9,0,8.0,4.5,6.0,Yes,Male,MECH,0,0.0
7.55,2,4,0,55.6,7.1,3.8,5.2,8.2,0,8.8,2.8,5.8,No,Female,CSM (AI/ML),0,0.0
7.76,1,2,1,36.8,4.9,6.8,6.1,5.9,0,6.1,7.2,1.3,Yes,Male,CSE,0,0.0
9.8,1,2,3,44.5,4.0,5.6,3.4,6.5,0,4.7,6.7,3.4,Yes,Male,MECH,1,10.02
7.34,2,0,1,69.0,6.1,9.8,8.1,6.3,0,4.9,3.3,3.4,No,Female,IT,1,11.05
7.6,3,3,3,51.5,6.9,2.9,6.5,6.8,1,4.8,3.6,5.3,Yes,Female,CSM (AI/ML),1,7.03
8.45,2,1,1,82.5,9.1,4.1,6.2,6.1,1,6.0,6.0,8.6,No,Male,ECE,1,10.63
8.51,1,3,2,43.3,6.3,5.8,7.5,6.3,1,6.4,2.5,7.7,Yes,Male,CSM (AI/ML),1,8.23
8.59,2,2,0,78.3,5.8,7.1,7.2,8.8,0,8.0,3.7,4.4,Yes,Male,IT,1,13.84
8.04,1,2,0,55.1,4.6,7.0,7.2,7.0,0,5.5,2.8,3.3,No,Male,CIVIL,1,8.94
6.26,0,1,0,82.9,6.8,6.0,6.4,6.8,0,2.7,2.9,1.6,Yes,Male,CSE,1,8.43
9.03,0,4,2,70.1,7.8,6.5,6.6,7.5,0,4.7,3.5,4.3,Yes,Male,MECH,1,13.44
6.25,1,5,1,65.1,3.3,6.0,7.7,4.7,1,8.6,6.9,3.1,No,Male,ECE,0,0.0
7.7,0,1,4,72.6,6.3,7.8,7.2,7.7,1,2.4,1.3,5.1,Yes,Female,CSE,1,10.95
6.65,1,1,1,81.6,4.6,4.7,9.0,6.7,0,7.0,5.9,5.2,Yes,Male,CSM (AI/ML),0,0.0
7.34,0,3,1,61.2,4.0,5.0,6.6,5.4,0,4.7,5.5,4.1,No,Male,CSE,0,0.0
7.73,1,4,1,32.0,8.9,7.1,7.4,6.2,0,3.7,7.0,4.2,No,Female,CIVIL,1,13.3
7.72,3,3,3,81.2,7.6,8.8,6.2,7.0,0,6.3,5.5,3.6,Yes,Male,CSE,1,16.93
7.82,3,4,0,57.7,5.2,4.6,6.9,6.4,0,8.6,4.2,4.0,Yes,Female,CIVIL,0,0.0
9.01,2,2,5,100.0,5.9,6.3,7.0,7.8,0,6.2,3.3,8.5,No,Female,IT,1,10.69
7.85,1,1,0,52.4,5.7,5.1,5.7,5.2,0,5.0,7.1,6.4,Yes,Female,CSE,0,0.0
7.16,1,3,0,55.9,4.4,6.9,5.4,4.7,0,2.9,6.0,6.4,Yes,Male,EEE,0,0.0
8.36,1,4,0,73.9,5.3,2.7,7.4,5.2,0,5.3,4.0,7.5,Yes,Male,ECE,1,5.34
8.59,1,2,1,74.2,7.5,5.1,7.1,5.7,2,2.8,6.9,7.3,Yes,Male,IT,1,9.16
6.17,1,0,3,68.8,5.3,4.7,8.6,6.5,0,4.9,4.1,8.5,Yes,Male,MECH,0,0.0
8.0,2,1,0,53.0,6.9,5.1,6.4,5.8,0,5.4,5.0,6.6,No,Female,EEE,1,11.4
8.1,0,2,0,43.4,5.3,1.0,4.9,4.6,0,0.8,3.7,5.7,Yes,Female,IT,0,0.0
7.1,0,3,3,51.2,4.3,9.6,6.4,4.4,0,8.3,6.1,3.8,Yes,Female,CSE,0,0.0
8.78,2,0,3,37.7,8.1,1.1,7.6,4.5,0,3.0,2.9,3.3,Yes,Male,CSM (AI/ML),0,0.0
7.25,0,1,0,95.0,2.8,6.7,3.2,5.9,0,5.1,4.4,7.2,No,Female,CIVIL,0,0.0
7.53,3,3,0,45.6,9.1,3.3,6.4,5.2,3,6.6,3.6,4.9,Yes,Male,CSE,0,0.0
7.23,0,4,0,57.3,7.8,3.4,7.4,5.8,1,8.1,5.6,2.1,Yes,Female,IT,0,0.0
7.42,0,3,2,73.1,6.5,6.1,6.8,8.2,1,3.9,5.8,0.4,Yes,Male,MECH,1,7.13
6.3,0,3,1,62.1,5.5,7.1,5.9,4.7,2,0.5,2.7,10.0,Yes,Female,CSM (AI/ML),0,0.0
5.96,0,2,4,52.5,5.6,3.8,4.6,6.7,0,7.7,5.9,2.9,Yes,Male,CSM (AI/ML),1,5.23
8.99,0,3,1,59.6,6.5,3.7,6.4,4.6,1,3.0,1.9,3.6,Yes,Male,CSE,0,0.0
6.55,0,0,1,52.3,6.5,3.3,4.6,4.4,1,6.2,9.6,8.0,Yes,Female,CSE,0,0.0
6.41,2,4,3,57.9,4.7,6.2,7.4,6.8,0,6.3,3.9,2.4,No,Female,CSM (AI/ML),0,0.0
5.25,2,3,0,68.2,6.3,3.8,6.5,7.2,0,0.0,7.2,6.4,No,Female,CIVIL,1,6.1
6.76,1,3,2,45.4,6.6,8.2,8.6,7.4,1,2.3,5.4,9.4,No,Male,ECE,1,12.61
6.08,1,2,1,79.3,5.7,3.6,3.5,7.9,1,4.6,5.5,10.0,Yes,Male,CSM (AI/ML),0,0.0
9.04,1,2,0,63.2,9.8,6.8,5.9,6.1,0,0.3,2.6,4.2,No,Male,CSM (AI/ML),1,12.65
8.41,0,0,1,52.7,6.0,8.7,7.5,6.7,2,2.8,6.8,5.2,Yes,Female,CSE,1,11.55
6.71,1,0,1,56.9,3.4,5.9,8.1,5.8,0,5.7,5.1,4.3,Yes,Male,IT,1,6.05
9.65,4,3,2,80.7,4.6,2.4,7.6,8.1,1,5.3,6.0,5.2,Yes,Female,CSE,1,7.54
8.38,3,5,1,75.1,7.3,6.6,5.0,5.0,0,6.1,4.8,8.2,No,Female,CSM (AI/ML),1,13.15
7.08,3,2,2,65.8,5.0,5.3,5.7,7.0,1,6.4,5.3,2.0,Yes,Female,MECH,1,6.9
4.9,0,1,1,52.4,4.6,5.7,3.0,4.8,0,2.1,3.1,6.7,Yes,Female,ECE,0,0.0
9.69,1,0,1,71.1,8.4,8.8,6.5,6.5,0,2.9,4.7,4.8,No,Female,CSM (AI/ML),1,13.04
6.01,1,1,2,62.2,6.5,5.9,8.1,4.1,0,7.0,4.1,8.3,Yes,Male,IT,1,8.71
5.75,0,3,4,89.9,5.2,6.8,6.4,6.6,0,8.5,3.5,8.2,Yes,Male,ECE,1,6.99
8.42,1,2,0,61.4,1.8,4.5,7.3,9.1,1,3.6,5.3,4.3,Yes,Male,CSM (AI/ML),0,0.0
9.84,2,2,2,88.9,7.2,5.3,7.2,5.5,1,6.0,5.8,4.9,Yes,Male,CIVIL,1,7.8
8.78,1,6,1,65.1,6.2,7.9,5.9,6.0,1,7.1,5.5,7.3,No,Male,CSE,1,10.97
7.96,2,0,0,45.4,8.3,6.1,2.8,7.5,0,6.0,4.8,7.5,Yes,Female,ECE,1,10.3
7.99,1,2,4,100.0,4.4,6.3,8.4,6.4,1,5.0,5.9,0.0,Yes,Male,MECH,1,7.18
8.25,2,1,0,38.8,5.6,7.7,7.0,8.0,0,4.2,5.5,7.2,Yes,Female,IT,1,11.82
8.16,0,1,2,30.4,6.7,8.9,4.5,6.9,0,9.5,5.2,9.0,Yes,Female,CSM (AI/ML),0,0.0
7.68,0,6,0,28.8,8.2,3.6,7.0,7.5,0,5.7,5.3,5.8,Yes,Female,CSE,0,0.0
7.5,1,2,2,100.0,6.6,4.9,6.7,3.5,0,6.3,7.5,7.4,Yes,Male,ECE,1,8.74
7.34,3,4,2,96.0,5.1,8.6,8.4,6.4,0,6.1,2.5,8.1,No,Female,IT,1,12.34
6.65,1,2,2,64.3,8.3,9.6,7.1,4.7,0,3.9,4.3,5.7,Yes,Female,EEE,0,0.0
7.12,2,2,2,68.9,5.7,5.3,7.1,5.7,2,5.6,5.7,7.1,No,Male,ECE,0,0.0
5.71,2,1,0,66.0,6.5,6.3,6.7,6.9,1,4.9,1.7,5.2,No,Female,CSM (AI/ML),1,6.9
7.3,0,3,0,33.7,7.4,6.5,5.2,6.0,0,4.8,7.9,5.1,Yes,Male,ECE,0,0.0
6.41,1,4,2,85.3,8.7,6.2,7.4,5.2,1,6.1,5.5,3.7,Yes,Male,CIVIL,1,12.5
6.3,0,2,2,83.2,6.8,6.3,6.4,8.1,0,3.7,7.0,5.6,Yes,Male,CSM (AI/ML),0,0.0
7.58,3,3,2,42.3,10.0,8.4,5.0,7.7,0,3.1,7.4,9.5,Yes,Male,CSE,1,18.23
8.79,2,0,1,67.2,6.1,2.4,5.4,4.4,0,6.5,5.9,3.1,No,Female,ECE,0,0.0
8.32,1,0,2,60.8,6.7,4.6,4.7,7.4,0,4.4,0.3,6.6,Yes,Male,CSM (AI/ML),0,0.0
5.83,2,3,1,58.6,5.2,7.0,8.0,6.5,1,4.8,5.3,5.9,No,Male,ECE,1,6.78
6.41,0,3,1,51.1,6.7,4.9,9.4,6.6,0,1.6,5.4,8.6,No,Female,CSE,1,7.18
8.34,0,0,0,60.2,6.7,6.3,8.1,8.5,0,7.4,2.7,9.0,No,Female,CSM (AI/ML),0,0.0
6.42,0,3,1,53.6,7.9,7.9,7.0,6.5,1,6.5,1.2,3.1,Yes,Male,MECH,1,8.81
7.18,2,3,1,79.0,6.9,8.8,6.3,7.3,0,6.9,6.0,3.9,Yes,Female,CSM (AI/ML),1,13.34
7.95,0,3,0,61.6,5.4,6.3,6.0,6.6,1,6.3,2.4,4.0,Yes,Male,IT,0,0.0
6.43,2,2,2,50.9,6.6,8.6,4.9,6.6,0,2.5,9.3,4.1,No,Female,EEE,1,12.23
7.51,1,2,1,61.6,5.1,6.1,9.3,5.0,1,6.0,5.6,4.3,Yes,Female,CSM (AI/ML),1,8.66
6.07,0,1,1,59.7,7.1,5.2,4.8,9.7,0,4.3,7.8,6.0,No,Male,CSE,1,7.75
6.8,0,3,1,59.1,5.3,2.9,5.1,2.0,0,3.6,5.1,3.2,Yes,Male,EEE,0,0.0
7.72,2,2,0,72.8,4.0,3.9,6.1,5.3,0,6.5,6.6,3.6,Yes,Male,CSM (AI/ML),0,0.0
5.81,2,1,0,57.6,4.4,5.8,6.2,5.6,1,8.8,5.1,3.4,Yes,Male,IT,1,3.46
7.84,1,4,3,52.9,4.3,5.8,7.3,7.6,0,8.5,7.1,6.3,Yes,Male,CSE,1,6.43
7.38,0,2,1,40.2,5.4,6.2,5.4,4.3,1,6.7,0.7,5.1,Yes,Male,CSE,1,8.1
7.95,4,1,1,61.9,4.8,9.3,3.4,6.1,0,5.4,6.9,4.6,Yes,Male,CSE,1,10.28
7.62,0,2,3,81.9,6.2,7.2,6.1,7.4,1,5.1,6.4,3.3,Yes,Male,ECE,0,0.0
8.76,2,2,1,60.0,5.6,7.3,6.2,4.6,1,3.7,4.7,1.5,No,Male,MECH,0,0.0
7.53,3,2,2,54.0,7.0,9.3,6.0,6.1,1,5.0,4.1,9.0,Yes,Male,CSE,1,14.75
6.97,2,1,6,49.9,6.8,5.1,6.0,6.1,0,7.3,4.4,4.5,No,Female,ECE,1,6.43
7.52,1,3,0,34.4,5.7,4.8,5.9,5.5,0,9.1,5.6,10.0,No,Female,CSE,1,7.71
7.94,1,2,3,80.8,8.2,8.1,4.4,6.4,1,3.9,7.5,7.0,Yes,Male,ECE,1,12.34
7.45,1,2,2,69.8,4.7,6.7,8.6,5.7,1,1.5,3.9,9.4,Yes,Male,CSE,1,8.04
7.44,1,3,3,74.3,7.8,5.7,8.5,7.7,0,4.4,1.4,7.5,Yes,Male,ECE,1,10.0
6.7,0,0,1,66.0,6.4,5.7,8.5,7.0,0,7.3,10.0,5.6,Yes,Female,ECE,1,5.65
6.74,2,1,1,49.1,5.6,5.5,4.6,6.0,0,9.6,6.4,3.8,No,Female,CSE,0,0.0
6.0,0,2,4,56.9,8.0,5.6,7.0,6.4,0,8.1,4.2,3.0,No,Female,EEE,0,0.0
9.15,3,1,3,54.0,7.1,5.8,5.8,5.8,0,8.1,7.5,7.8,Yes,Male,ECE,1,13.96
6.16,1,2,1,55.3,4.5,5.2,5.7,8.2,2,3.8,7.0,5.8,No,Female,EEE,0,0.0
6.71,0,2,1,55.4,6.8,6.9,5.0,6.9,1,3.9,6.0,6.6,No,Female,ECE,1,7.88
6.68,2,4,1,79.7,6.8,7.2,10.0,6.1,0,2.9,4.0,7.1,Yes,Male,MECH,1,10.63
8.29,0,3,0,94.3,7.8,4.7,6.0,6.9,0,4.2,6.4,6.0,Yes,Female,ECE,1,7.39
7.11,1,3,2,48.0,7.1,7.5,5.0,8.9,0,7.3,7.3,4.1,Yes,Male,IT,1,10.39
8.65,1,6,0,59.3,7.3,3.4,6.6,5.3,0,8.7,1.4,7.5,Yes,Male,IT,1,9.34
6.73,0,1,2,65.5,5.5,6.8,7.5,7.5,0,6.2,5.5,4.7,Yes,Male,MECH,0,0.0
7.68,1,2,2,46.3,5.9,6.9,6.2,6.9,1,5.0,5.6,5.4,Yes,Male,CIVIL,1,10.49
6.56,0,3,3,62.8,5.8,5.6,6.8,6.0,1,3.4,5.6,6.8,Yes,Female,IT,1,7.37
9.55,1,0,3,67.6,3.6,5.9,7.9,5.3,0,5.3,5.1,5.1,No,Female,CSE,1,10.17
6.21,1,5,2,60.8,8.3,5.4,5.0,7.5,1,5.9,7.5,1.0,Yes,Male,IT,0,0.0
7.71,2,2,2,72.0,4.4,4.8,6.7,6.7,1,2.6,4.6,7.6,Yes,Male,CSE,0,0.0
8.03,3,1,2,62.0,6.6,5.8,5.4,8.3,1,7.3,5.0,8.1,Yes,Male,CSE,0,0.0
7.81,0,4,3,16.1,5.7,4.8,5.2,7.9,0,4.7,5.7,1.0,Yes,Female,IT,0,0.0
7.21,0,4,3,46.6,5.8,8.0,9.0,6.7,1,7.2,4.6,2.8,No,Male,CSE,1,8.71
7.27,0,3,2,84.9,7.3,1.8,6.3,5.3,0,5.5,2.1,9.9,No,Female,ECE,0,0.0
7.44,0,4,3,70.3,5.0,5.5,4.8,9.2,2,6.1,5.4,5.7,Yes,Female,IT,0,0.0
7.25,0,1,1,16.4,6.9,2.2,6.2,5.4,0,4.1,5.5,5.2,No,Male,CSE,0,0.0
8.36,0,4,3,37.8,6.9,3.8,4.6,7.5,0,4.8,4.2,4.2,Yes,Male,CSE,0,0.0
9.61,2,1,2,73.5,5.0,4.7,6.1,3.8,0,6.8,4.7,2.8,Yes,Male,ECE,0,0.0
6.84,0,4,0,52.8,7.7,8.3,5.4,8.5,0,5.2,0.0,4.8,No,Male,MECH,1,11.31
6.03,1,1,1,18.8,8.4,8.0,7.2,3.5,1,3.3,7.5,7.4,Yes,Male,MECH,1,10.63
7.31,0,2,0,79.0,9.4,5.9,9.3,5.9,0,5.7,6.9,5.2,No,Female,CIVIL,1,12.82
9.98,0,2,6,73.6,5.8,5.9,6.1,4.8,0,6.3,2.2,6.6,No,Male,CSE,1,11.85
6.6,2,1,0,48.7,6.5,7.8,5.4,8.3,1,8.2,3.6,9.3,Yes,Male,CSM (AI/ML),1,9.93
9.04,2,4,0,81.9,6.6,7.9,6.5,5.3,0,7.8,8.0,3.9,Yes,Male,EEE,1,15.03
9.08,2,1,0,49.3,7.3,4.7,8.6,7.0,1,5.4,2.6,5.9,Yes,Female,EEE,1,8.73
6.85,0,4,1,52.0,9.0,7.1,7.2,6.7,3,4.4,6.0,7.5,No,Male,CSM (AI/ML),0,0.0
7.97,2,2,1,54.2,7.0,4.0,6.2,4.3,0,5.0,4.0,3.1,No,Female,CSM (AI/ML),0,0.0
9.03,2,1,1,31.7,7.0,5.1,3.3,7.7,1,4.5,5.9,5.6,No,Female,CSM (AI/ML),0,0.0
7.02,4,1,1,68.6,4.4,6.9,6.3,6.3,0,6.5,5.1,9.5,Yes,Female,CIVIL,1,10.28
7.2,0,3,5,70.3,9.5,4.6,7.6,8.4,0,7.6,4.4,4.4,No,Female,CIVIL,1,9.45
6.82,1,2,3,54.7,5.4,5.1,7.8,7.2,0,8.0,5.8,7.7,No,Male,CSE,0,0.0
6.39,2,0,2,73.3,1.9,2.6,8.4,5.2,0,4.7,4.0,4.9,Yes,Male,CSM (AI/ML),0,0.0
6.75,1,3,1,36.5,2.6,6.7,5.4,6.0,0,4.5,1.3,9.3,Yes,Female,CSM (AI/ML),0,0.0
6.18,1,1,1,73.0,6.7,4.1,5.8,6.0,0,4.7,3.1,1.4,No,Female,IT,0,0.0
7.43,3,0,1,67.2,4.2,4.2,6.2,7.4,2,1.6,2.8,5.3,No,Male,IT,0,0.0
6.63,2,6,0,50.9,6.3,8.4,7.5,7.3,0,3.1,1.6,1.8,Yes,Male,EEE,1,11.02
7.63,0,2,1,68.6,3.8,4.5,6.0,5.4,0,5.4,5.8,3.6,Yes,Male,CSE,0,0.0
5.84,0,5,0,47.9,6.7,7.2,7.2,7.6,0,6.3,4.6,3.6,Yes,Female,CSE,1,9.85
7.73,3,2,3,79.7,7.1,7.9,5.8,6.9,2,6.5,5.7,4.6,No,Female,CSM (AI/ML),1,13.56
8.23,1,4,4,70.4,6.5,7.5,5.3,7.2,1,3.9,6.1,2.5,No,Male,IT,1,14.43
5.41,1,1,1,67.8,5.1,5.3,8.1,7.0,0,4.5,6.6,5.0,No,Male,CSE,0,0.0
7.77,0,3,0,54.6,7.6,5.0,6.9,7.5,1,5.0,5.9,6.3,Yes,Male,MECH,0,0.0
8.63,1,1,1,74.4,5.6,4.1,7.5,5.0,0,4.7,2.9,1.7,No,Female,CSE,0,0.0
6.19,1,0,0,81.3,5.9,2.5,6.1,6.6,0,6.9,6.2,3.7,Yes,Female,ECE,0,0.0
9.07,1,2,1,87.7,5.4,7.3,7.6,7.7,1,2.9,5.5,10.0,No,Female,MECH,0,0.0
7.82,0,1,2,53.3,5.8,7.1,4.8,7.9,0,3.2,9.6,6.0,Yes,Female,EEE,0,0.0
6.69,1,1,0,75.1,9.2,6.7,5.0,7.9,1,4.9,5.0,1.0,No,Male,MECH,1,9.38
7.34,2,3,0,84.3,6.2,1.0,7.8,5.1,0,2.8,5.8,2.0,Yes,Female,MECH,0,0.0
7.96,0,0,0,58.1,4.2,5.5,6.3,9.2,0,1.7,4.8,5.7,No,Female,CSM (AI/ML),0,0.0
7.48,3,0,0,84.5,4.7,7.0,6.0,8.8,1,2.5,5.1,5.4,Yes,Male,CSM (AI/ML),1,7.2
7.94,1,2,0,64.5,5.8,8.2,5.0,5.1,2,5.0,5.0,3.8,Yes,Female,MECH,0,0.0
6.48,2,1,1,45.7,4.9,6.4,7.6,5.9,0,6.8,4.1,10.0,Yes,Male,CSE,1,7.09
7.57,0,5,4,50.6,7.7,6.2,9.2,7.3,2,6.8,5.4,10.0,Yes,Female,ECE,0,0.0
5.99,0,3,2,38.9,3.9,4.5,7.3,5.3,0,8.7,6.3,4.6,Yes,Female,IT,0,0.0
7.29,0,5,2,61.4,6.0,6.5,5.7,7.1,1,5.7,4.1,7.2,Yes,Male,CIVIL,0,0.0
6.5,1,5,3,59.4,7.8,5.4,8.5,6.6,0,6.0,6.8,7.3,Yes,Female,MECH,1,8.97
6.66,0,1,2,65.0,5.2,4.4,6.9,8.1,2,5.0,6.5,7.6,No,Female,CSE,0,0.0
8.64,2,2,2,83.8,6.9,3.6,5.8,6.9,0,5.1,3.2,3.7,No,Female,CIVIL,0,0.0
8.49,1,1,3,61.7,6.1,4.0,8.3,3.5,1,9.7,3.0,9.7,Yes,Male,CIVIL,1,6.35
8.01,2,1,1,57.7,6.1,6.4,6.1,7.5,2,6.0,5.9,5.0,Yes,Female,EEE,0,0.0
6.31,0,2,1,58.8,7.0,3.2,4.2,8.0,1,6.2,3.8,6.2,Yes,Male,CSM (AI/ML),0,0.0
7.08,0,4,2,32.3,3.2,5.2,5.9,6.2,0,3.2,2.8,5.2,Yes,Male,ECE,0,0.0
8.61,0,1,0,72.9,8.1,8.3,7.2,6.5,1,6.3,8.6,4.9,No,Male,MECH,0,0.0
7.54,2,6,0,59.6,3.2,3.1,5.3,6.5,0,6.8,3.0,5.8,Yes,Male,MECH,1,5.47
9.72,2,0,3,63.3,8.0,6.7,3.6,5.5,0,7.7,1.8,2.5,Yes,Female,CSM (AI/ML),0,0.0
7.79,1,0,1,58.8,6.9,6.8,8.6,9.8,2,6.8,3.4,0.7,Yes,Male,CSM (AI/ML),0,0.0
7.59,1,3,0,64.0,7.0,5.2,10.0,5.2,0,5.2,5.5,4.7,No,Male,MECH,1,9.91
7.09,0,2,2,41.0,8.8,7.0,5.7,7.6,0,5.2,5.2,3.2,No,Male,EEE,0,0.0
7.53,1,3,3,62.0,8.1,5.4,5.5,7.6,1,5.4,9.0,6.5,Yes,Male,ECE,1,9.63
7.25,3,4,4,52.3,7.5,7.3,4.4,5.7,1,5.7,3.4,6.2,No,Male,CSM (AI/ML),1,14.14
8.11,3,1,1,62.6,5.7,3.8,5.2,5.0,0,8.0,5.5,5.2,Yes,Female,EEE,0,0.0
8.36,2,2,2,45.8,5.6,9.4,4.1,6.2,0,7.6,7.4,8.6,Yes,Male,CSE,1,15.23
6.61,0,1,0,69.7,7.5,8.5,4.4,7.3,0,7.0,3.6,5.2,No,Female,CSE,0,0.0
6.07,0,4,1,62.3,6.9,1.6,6.4,6.7,2,9.6,6.5,1.8,No,Female,ECE,0,0.0
5.56,0,1,2,41.3,6.7,8.0,4.0,8.8,1,0.2,1.2,4.7,Yes,Female,CSE,0,0.0
7.91,1,4,5,77.1,6.1,4.7,4.2,5.5,0,4.6,8.7,7.9,Yes,Female,MECH,1,8.73
6.3,0,0,1,53.8,5.5,8.5,6.7,5.5,1,5.5,7.1,0.9,Yes,Female,MECH,0,0.0
5.25,1,0,2,56.3,4.0,7.7,5.5,7.5,0,4.2,3.6,5.0,No,Male,EEE,0,0.0
7.79,1,2,2,74.8,7.2,3.7,6.9,4.0,0,3.6,6.7,6.5,No,Female,CIVIL,0,0.0
9.89,3,4,3,79.2,5.9,6.9,5.9,5.5,0,2.1,7.8,10.0,Yes,Male,CSE,1,13.91
7.39,1,4,3,54.5,5.8,4.5,6.1,6.1,0,4.9,2.3,8.0,No,Male,CSE,1,9.45
8.24,0,1,3,63.8,3.3,6.8,7.6,6.3,1,7.3,3.7,5.5,Yes,Female,CSE,1,7.89
7.48,0,3,1,72.9,6.3,5.9,5.6,5.6,0,7.0,7.8,6.4,Yes,Male,MECH,1,7.19
7.3,1,2,0,82.2,4.0,4.4,7.5,3.7,0,4.0,5.1,0.8,Yes,Male,ECE,0,0.0
8.32,1,2,1,63.4,5.5,3.3,5.8,8.3,0,5.9,5.9,2.8,Yes,Female,CSE,1,5.04
7.11,1,3,2,69.5,7.5,6.2,5.2,8.2,3,8.2,5.1,6.7,Yes,Male,CSE,0,0.0
7.67,1,3,2,47.4,6.3,6.7,4.8,4.0,1,2.5,6.9,5.6,Yes,Male,CIVIL,0,0.0
7.72,0,3,1,37.8,6.0,5.5,3.9,7.2,0,5.2,6.1,5.9,Yes,Female,EEE,0,0.0
6.73,2,0,1,70.9,5.0,4.3,4.5,6.1,1,6.1,5.2,5.3,Yes,Male,ECE,0,0.0
8.39,0,0,0,49.1,5.3,4.9,3.7,7.1,0,5.5,0.6,5.2,Yes,Male,IT,0,0.0
7.23,2,1,1,47.2,8.7,3.7,4.9,6.7,2,7.2,6.3,5.4,Yes,Female,CIVIL,0,0.0
6.64,0,2,4,72.3,7.4,7.2,7.6,4.3,3,2.5,6.5,2.8,Yes,Female,CSE,0,0.0
7.94,2,4,1,59.6,5.5,1.7,6.4,7.4,1,3.5,2.4,4.7,Yes,Male,ECE,0,0.0
6.5,1,1,1,65.6,6.0,7.6,5.8,5.5,1,6.9,2.5,2.3,Yes,Male,ECE,0,0.0
7.43,1,3,1,41.5,6.6,5.7,5.4,2.7,0,2.1,6.1,3.8,No,Female,CIVIL,0,0.0
7.39,2,4,0,47.4,6.9,6.8,6.3,6.6,0,7.1,5.4,8.0,Yes,Male,CSE,1,11.49
8.49,3,3,0,88.1,6.2,7.0,6.4,4.1,1,6.4,0.9,4.8,Yes,Male,CSM (AI/ML),1,12.58
7.87,2,3,0,51.5,3.4,6.0,4.7,7.9,0,7.0,3.3,6.6,No,Male,EEE,0,0.0
7.37,0,3,0,58.7,6.1,5.1,7.1,5.9,1,4.6,5.7,5.5,Yes,Female,IT,0,0.0
8.22,1,3,1,65.8,6.1,7.9,5.9,6.4,0,6.5,6.4,4.3,Yes,Male,CIVIL,1,13.06
8.79,1,1,2,44.9,9.5,2.5,6.8,7.0,0,3.2,3.8,2.9,Yes,Female,ECE,1,8.0
7.96,2,2,2,83.6,10.0,8.3,6.4,6.4,2,4.7,4.7,4.3,Yes,Male,ECE,1,14.45
7.41,1,1,1,62.1,7.2,3.7,4.3,5.5,0,5.6,3.2,5.6,No,Male,CIVIL,0,0.0
6.09,1,0,0,58.2,5.1,5.2,8.4,7.9,1,3.7,7.8,6.5,Yes,Male,MECH,0,0.0
6.33,1,2,2,79.1,7.3,8.5,6.4,6.1,0,5.9,5.4,5.5,Yes,Male,CIVIL,0,0.0
7.09,1,1,0,76.6,3.5,10.0,5.8,4.7,0,3.2,3.6,6.7,Yes,Female,CIVIL,1,10.4
6.79,0,6,2,93.5,5.3,6.1,7.3,6.8,1,6.0,2.6,1.7,Yes,Female,MECH,0,0.0
7.21,2,1,2,55.0,3.6,3.2,4.7,6.2,1,9.0,2.3,7.2,Yes,Female,CSE,0,0.0
7.46,1,2,2,97.1,7.1,7.4,4.0,6.3,0,3.0,8.8,2.6,Yes,Female,CSM (AI/ML),0,0.0
7.93,0,2,2,72.3,4.3,5.7,7.2,6.5,2,5.5,4.6,7.5,No,Male,CSM (AI/ML),0,0.0
7.33,2,5,0,89.0,5.7,3.8,8.1,6.4,0,2.3,4.2,6.4,No,Male,EEE,1,6.29
7.89,1,2,3,77.8,6.1,6.2,6.8,8.3,2,3.8,4.6,0.9,Yes,Male,CSM (AI/ML),1,8.23
7.46,1,2,4,51.7,6.2,3.3,7.6,5.2,2,6.9,3.7,6.9,Yes,Female,CSM (AI/ML),1,3.19
5.42,1,0,2,48.7,5.4,6.2,4.5,3.4,0,4.6,4.8,7.5,No,Male,CSM (AI/ML),0,0.0
6.46,3,1,1,33.1,6.7,4.1,5.9,6.3,1,7.0,5.1,8.1,No,Female,IT,1,7.66
7.26,1,0,3,29.8,4.2,2.1,5.4,7.5,0,6.2,5.0,3.4,Yes,Female,CSM (AI/ML),1,3.56
6.19,0,4,0,52.2,9.0,2.6,7.9,4.1,2,5.4,2.3,5.6,No,Female,CSE,0,0.0
8.0,0,1,2,82.3,4.5,4.6,7.1,6.8,1,3.4,6.9,6.8,Yes,Male,CSE,0,0.0
8.93,2,4,2,54.0,6.3,6.8,7.9,4.3,2,6.9,3.8,6.9,No,Female,CSE,0,0.0
8.62,1,3,1,51.2,7.2,8.2,5.5,7.5,2,6.1,3.6,6.1,Yes,Male,IT,0,0.0
7.19,0,2,1,73.2,7.3,8.5,4.7,6.3,2,2.4,3.5,4.2,No,Female,IT,0,0.0
8.89,0,2,0,48.2,7.4,2.9,8.4,5.1,2,3.6,2.8,7.5,Yes,Female,ECE,0,0.0
7.55,1,3,2,91.4,3.7,5.4,6.4,4.1,0,0.0,5.6,7.5,No,Male,EEE,1,7.49
7.06,0,2,2,57.8,4.7,4.6,8.0,9.4,0,2.8,6.9,4.8,Yes,Male,MECH,1,4.66
6.79,2,3,2,76.9,6.4,5.6,6.3,9.5,0,4.9,3.5,3.4,No,Male,CSE,1,10.7
7.1,1,3,2,58.8,7.0,8.5,9.7,4.8,1,3.4,1.1,3.5,No,Female,CSM (AI/ML),1,12.19
7.01,2,3,1,62.4,8.2,6.1,8.2,4.8,2,3.8,2.8,8.3,Yes,Male,EEE,0,0.0
7.57,0,5,1,80.0,5.4,7.4,6.2,6.4,0,8.3,4.1,7.4,Yes,Female,CIVIL,1,9.55
7.56,2,0,1,65.7,4.8,10.0,6.4,5.8,1,7.6,2.4,5.2,Yes,Male,MECH,1,12.37
7.4,1,1,3,85.9,5.3,2.8,6.4,5.8,0,4.1,3.7,4.7,Yes,Female,CSM (AI/ML),0,0.0
7.84,1,3,4,49.5,9.8,4.9,4.7,6.7,0,7.1,3.8,1.1,No,Male,CIVIL,1,12.07
8.59,1,2,1,41.2,8.6,6.9,5.7,9.0,0,7.9,5.0,5.0,Yes,Male,EEE,1,14.09
8.35,2,2,1,34.0,5.9,6.3,5.6,8.2,0,6.7,1.9,2.5,Yes,Female,MECH,0,0.0
5.92,3,0,4,82.1,8.3,7.8,6.7,5.9,1,6.1,6.2,5.6,No,Female,CSM (AI/ML),0,0.0
4.85,3,1,1,76.4,5.3,5.1,5.2,7.3,0,7.7,8.5,7.9,Yes,Male,CSE,1,6.19
8.33,2,3,1,57.7,7.7,6.2,6.2,3.7,1,7.0,8.0,2.9,Yes,Female,CSE,1,10.27
6.03,1,1,1,66.8,4.0,4.4,5.9,6.5,0,3.1,3.8,5.7,Yes,Male,IT,0,0.0
7.18,0,3,1,79.1,6.8,7.8,6.5,6.0,1,5.1,6.4,7.5,Yes,Female,CSE,1,11.58
6.23,1,0,2,59.0,7.8,5.9,8.6,7.6,0,4.4,6.2,5.7,Yes,Male,ECE,0,0.0
5.6,1,1,0,33.8,5.7,8.5,8.0,7.2,0,7.8,4.9,4.0,Yes,Male,CSM (AI/ML),0,0.0
7.94,1,1,1,34.0,7.2,8.5,4.4,6.7,0,4.3,5.4,5.2,Yes,Male,CSM (AI/ML),1,12.27
8.16,0,2,2,44.5,5.3,3.4,6.3,6.9,0,4.0,6.4,7.4,No,Male,CSM (AI/ML),0,0.0
6.82,0,3,0,63.6,6.7,8.8,5.9,5.7,1,7.6,6.9,5.8,Yes,Male,CSE,1,11.7
4.81,3,3,2,46.9,5.4,7.6,5.4,7.7,0,6.0,3.3,5.2,No,Male,CSE,1,10.79
6.85,0,1,2,78.5,7.5,5.5,9.6,6.9,3,9.7,6.6,7.9,No,Male,CSE,1,5.22
7.79,1,3,2,41.6,4.2,7.4,5.6,6.1,0,3.8,8.5,6.4,Yes,Male,CSE,1,9.02
5.92,1,2,0,50.9,4.6,4.8,5.7,6.4,0,4.5,6.9,2.4,Yes,Male,CSE,1,4.78
7.58,2,3,1,32.9,8.3,8.4,9.0,7.5,2,7.7,8.2,6.7,Yes,Female,EEE,1,12.87
7.38,1,3,1,54.9,2.3,6.0,7.9,7.6,0,2.9,0.0,7.4,No,Female,CSE,0,0.0
7.98,1,3,2,62.1,5.2,7.5,5.7,5.8,0,8.1,6.3,2.4,No,Male,CSE,0,0.0
7.52,2,3,1,79.2,6.0,4.6,7.5,5.0,0,3.1,5.6,0.0,Yes,Male,EEE,0,0.0
6.43,2,4,3,63.9,6.8,6.3,6.0,5.7,1,6.7,7.2,2.8,No,Male,CSE,0,0.0
8.6,1,0,1,73.9,5.4,7.5,6.1,5.7,0,1.8,2.6,5.0,Yes,Female,CIVIL,1,10.06
7.24,3,4,4,78.1,4.4,6.4,5.2,6.5,1,5.6,3.9,7.5,Yes,Female,ECE,0,0.0
7.37,2,3,0,68.3,8.2,6.9,2.8,8.0,0,2.8,6.9,3.2,Yes,Male,IT,1,13.28
6.47,1,1,0,47.7,7.9,4.4,4.3,5.6,0,9.4,2.8,6.5,No,Female,CSE,0,0.0
6.96,0,0,1,68.5,5.6,6.4,4.7,6.8,1,3.4,5.5,0.0,Yes,Male,CSE,0,0.0
6.52,2,3,1,85.8,3.3,4.4,7.0,6.0,0,3.8,5.0,5.6,Yes,Male,ECE,0,0.0
7.23,0,2,1,57.0,6.7,5.8,6.6,6.3,0,6.6,4.6,4.3,No,Female,CSM (AI/ML),0,0.0
9.11,0,2,5,70.9,6.5,4.9,8.0,6.7,1,4.3,6.2,10.0,No,Male,ECE,1,9.98
6.03,0,3,0,70.5,5.1,5.4,4.6,8.0,1,6.9,2.7,0.8,No,Female,ECE,0,0.0
5.79,1,2,0,56.1,3.1,2.5,9.1,6.6,0,4.1,3.4,5.2,Yes,Female,CSM (AI/ML),0,0.0
8.87,1,6,1,77.0,5.8,5.9,8.9,2.7,1,3.9,4.7,0.8,Yes,Female,CIVIL,1,11.44
7.19,1,3,0,55.8,7.4,5.6,6.5,6.0,0,5.4,2.5,3.9,No,Male,CSE,0,0.0
6.73,1,3,3,69.2,7.7,2.9,5.4,8.5,1,3.1,7.6,1.3,Yes,Male,ECE,1,6.78
8.44,1,2,2,58.2,6.1,6.4,5.4,7.9,1,6.3,3.3,10.0,No,Male,CSM (AI/ML),0,0.0
6.79,2,3,2,62.7,5.2,7.4,6.7,7.4,2,7.3,6.7,4.4,Yes,Male,EEE,1,8.45
9.23,2,4,1,76.9,7.4,6.4,9.2,8.0,0,6.6,3.2,4.7,No,Female,CSE,1,11.08
8.08,1,3,0,30.8,4.4,7.3,6.3,7.5,0,6.8,6.5,5.1,No,Female,ECE,0,0.0
6.91,2,2,2,71.9,4.0,4.8,4.0,7.9,1,1.7,1.6,2.6,No,Male,ECE,0,0.0
9.56,3,1,2,73.3,6.1,5.4,9.2,4.7,1,4.6,8.0,7.6,Yes,Female,IT,1,9.48
6.79,2,2,0,52.8,8.7,5.9,5.8,6.2,0,5.0,7.4,6.7,No,Female,MECH,1,11.29
8.14,2,2,0,61.5,8.7,6.1,8.6,6.5,0,8.4,3.8,7.3,Yes,Female,CSE,1,14.19
7.7,3,3,1,46.4,4.1,1.3,7.3,6.4,0,4.3,3.3,2.4,Yes,Female,ECE,0,0.0
8.7,1,3,3,49.2,5.5,4.1,6.2,5.5,1,0.9,6.0,7.8,Yes,Male,MECH,0,0.0
8.96,1,4,2,66.3,10.0,7.7,7.8,6.5,1,3.5,1.8,7.5,Yes,Male,ECE,1,18.24
7.43,2,1,4,100.0,5.1,4.3,5.3,3.9,0,4.2,5.1,4.7,Yes,Female,CSM (AI/ML),1,7.97
6.65,0,0,1,72.6,8.8,5.3,6.0,6.9,0,1.2,3.3,7.3,No,Female,CSM (AI/ML),1,7.96
7.86,0,2,3,48.4,7.8,5.7,5.6,5.4,2,7.4,4.5,5.8,Yes,Male,CSM (AI/ML),0,0.0
6.72,1,2,2,74.4,8.1,3.3,6.1,3.3,1,2.4,3.6,1.5,Yes,Male,CSE,0,0.0
9.41,0,2,0,71.3,5.5,8.8,7.2,6.3,0,6.4,3.3,4.8,No,Male,MECH,1,12.98
7.54,1,5,0,34.4,5.5,5.7,7.2,8.5,1,3.3,8.6,4.1,Yes,Male,ECE,0,0.0
7.03,0,0,2,56.9,4.7,4.2,4.1,3.6,1,8.5,6.6,5.4,Yes,Female,CSE,0,0.0
7.58,0,2,2,59.7,7.5,7.0,5.6,6.0,0,4.9,1.9,7.5,Yes,Male,EEE,1,11.01
6.05,1,1,2,63.9,3.6,5.2,5.9,4.0,0,4.5,3.2,1.4,Yes,Female,CSM (AI/ML),0,0.0
6.43,1,4,1,61.5,5.9,5.9,7.3,6.7,0,6.6,6.8,4.2,Yes,Female,CSE,1,9.26
8.6,2,1,3,64.4,8.8,8.5,4.3,7.5,1,3.5,7.0,3.3,Yes,Female,MECH,1,15.65
6.74,0,2,2,47.0,7.2,4.8,7.5,5.2,0,6.7,2.1,3.4,No,Male,MECH,0,0.0
6.35,2,1,1,56.8,7.8,8.0,4.7,5.7,1,4.5,6.5,3.3,No,Female,EEE,1,11.9
7.94,1,4,4,57.7,3.6,5.1,6.8,6.1,0,4.3,5.6,5.4,No,Female,MECH,0,0.0
8.59,1,1,2,80.6,4.6,5.9,8.1,8.0,1,5.3,0.9,6.4,Yes,Male,CSM (AI/ML),0,0.0
8.12,1,2,0,50.8,8.1,6.4,4.6,4.3,1,3.3,4.2,6.0,Yes,Male,CSE,0,0.0
8.4,0,4,1,58.1,6.4,5.1,6.8,5.7,0,5.1,4.7,5.6,Yes,Female,ECE,1,8.68
6.64,1,3,1,56.3,4.5,3.9,6.1,8.5,0,6.2,5.1,6.6,Yes,Female,CSE,1,6.24
5.98,1,6,2,87.4,7.2,6.7,4.9,5.3,0,0.9,2.2,10.0,No,Female,MECH,1,10.69
8.9,1,4,2,72.6,5.3,7.9,4.6,5.7,0,7.7,3.4,5.5,Yes,Female,CSM (AI/ML),0,0.0
7.08,1,0,1,47.1,10.0,7.0,5.3,6.6,0,7.1,3.7,7.5,No,Female,EEE,0,0.0
7.15,1,1,1,68.4,7.2,6.9,5.2,9.6,1,1.8,3.9,7.4,Yes,Male,ECE,1,9.1
8.73,0,1,1,45.8,4.7,4.9,6.1,4.7,1,1.5,3.9,9.3,Yes,Male,MECH,1,7.8
7.96,1,2,1,66.2,7.6,7.1,5.8,7.4,1,7.2,4.7,6.5,Yes,Male,MECH,0,0.0
7.86,0,0,0,83.9,8.8,6.5,7.0,4.6,0,7.0,5.7,3.3,Yes,Male,CSE,1,10.3
9.57,3,4,2,30.7,6.2,7.4,7.6,4.9,0,6.7,8.7,5.9,No,Male,CSM (AI/ML),1,13.41
6.76,1,4,3,45.9,5.0,6.0,4.1,5.6,1,2.6,6.8,5.8,No,Male,CIVIL,1,9.11
8.33,3,2,2,64.5,6.3,6.9,6.0,7.0,0,9.2,7.8,7.1,Yes,Female,CSM (AI/ML),1,12.39
7.46,1,6,0,55.7,5.2,4.9,5.0,5.5,0,4.0,4.0,3.2,Yes,Male,ECE,1,7.27
7.67,0,2,3,65.4,5.8,7.1,4.8,6.5,0,6.0,2.9,8.1,Yes,Female,CSE,1,7.46
8.93,0,3,2,60.7,4.0,3.4,4.0,5.3,1,6.0,6.7,5.2,Yes,Female,ECE,1,6.26
7.91,3,2,0,35.1,7.6,5.2,3.9,6.4,0,8.7,5.0,7.1,Yes,Female,CSE,1,9.42
7.94,0,5,2,72.0,4.4,4.5,5.6,4.5,0,5.8,6.5,5.9,No,Female,MECH,1,6.94
8.47,0,2,0,40.6,7.2,10.0,7.0,4.5,0,6.3,3.1,5.5,No,Male,CSE,1,14.93
7.04,0,6,2,65.3,5.7,7.0,7.0,5.6,1,5.3,6.4,5.7,Yes,Female,CSM (AI/ML),1,11.76
6.56,1,1,1,54.7,6.6,3.7,4.8,7.2,0,3.1,4.6,6.7,Yes,Male,CSE,1,4.81
6.36,1,2,2,100.0,5.4,3.2,4.7,6.6,0,0.9,4.0,9.7,No,Female,ECE,1,3.26
5.43,0,3,2,60.1,6.5,2.5,6.8,5.2,0,5.6,4.2,0.6,Yes,Female,IT,0,0.0
9.46,0,1,3,67.6,6.9,3.6,5.8,4.7,1,2.7,6.0,6.4,Yes,Male,CSE,0,0.0
6.3,2,1,1,70.9,5.6,4.2,7.7,7.7,1,6.2,6.6,5.3,Yes,Female,CSE,0,0.0
7.18,2,3,1,67.4,3.4,3.9,4.7,8.2,1,5.8,4.2,4.8,Yes,Female,CSM (AI/ML),0,0.0
7.12,0,2,3,61.6,6.7,4.9,3.6,7.0,1,5.7,5.7,0.0,Yes,Female,MECH,1,6.42
7.71,2,1,2,46.2,6.8,7.4,7.3,6.8,1,3.4,5.7,6.5,Yes,Male,IT,1,11.07
8.22,1,6,2,60.2,3.9,5.4,3.6,3.3,0,7.6,6.6,4.9,Yes,Female,CSE,1,9.04
8.26,3,2,0,32.1,4.6,7.2,4.2,7.1,0,6.4,7.1,3.3,No,Male,MECH,0,0.0
6.82,0,3,3,69.8,5.6,3.8,5.4,8.5,1,3.1,8.8,5.3,Yes,Male,CSM (AI/ML),1,3.48
7.23,0,3,1,100.0,2.5,5.1,6.0,7.8,1,9.6,4.0,4.5,Yes,Female,CSE,0,0.0
7.68,0,0,2,64.8,7.3,4.0,7.3,7.7,0,5.1,8.1,1.2,No,Female,CSE,0,0.0
7.15,0,0,0,67.4,5.4,6.6,4.9,4.0,0,2.8,5.2,5.4,No,Male,IT,0,0.0
9.01,2,1,2,37.2,6.7,5.5,8.4,5.3,0,4.0,2.7,6.5,Yes,Male,MECH,0,0.0
7.89,1,0,1,48.9,4.5,9.2,4.1,6.1,0,2.5,3.6,3.9,No,Female,CSM (AI/ML),0,0.0
8.13,0,1,3,76.3,9.4,4.5,5.8,5.3,0,8.2,6.0,5.8,Yes,Male,IT,1,10.18
8.06,0,2,2,38.8,3.9,3.8,7.6,4.7,2,7.7,6.5,5.4,No,Male,CSE,0,0.0
8.57,1,2,2,50.4,5.4,6.4,7.7,6.9,0,7.0,2.9,7.6,No,Male,CSM (AI/ML),0,0.0
7.58,1,3,1,71.1,8.1,5.5,2.0,7.7,1,6.6,3.4,5.0,No,Female,EEE,0,0.0
6.1,1,1,3,74.9,4.4,6.8,10.0,4.3,1,8.0,3.9,7.0,No,Female,IT,0,0.0
7.8,0,3,1,60.3,6.3,5.7,5.9,7.8,1,5.0,3.2,4.5,No,Female,ECE,0,0.0
6.75,0,1,2,64.0,7.2,5.5,6.8,6.6,1,6.3,1.1,9.7,Yes,Male,MECH,0,0.0
6.87,1,4,2,63.9,3.8,4.5,5.9,8.6,0,3.9,0.3,4.2,Yes,Female,CIVIL,0,0.0
7.99,2,0,2,42.3,5.1,5.3,9.6,7.4,0,5.2,4.2,3.6,No,Female,CSE,1,7.18
8.64,1,0,1,60.8,6.5,2.9,8.3,6.5,1,6.4,5.5,5.0,No,Male,CSM (AI/ML),0,0.0
7.42,0,1,1,65.9,6.9,8.1,9.6,6.5,1,0.0,6.4,3.5,Yes,Male,CSE,1,10.1
7.71,0,0,1,60.6,4.9,8.2,7.1,6.3,0,4.3,2.1,2.3,No,Female,MECH,0,0.0
9.1,1,1,3,31.2,9.1,7.6,7.8,8.8,0,5.8,2.2,6.9,Yes,Male,ECE,1,14.91
7.64,0,2,1,86.6,7.0,4.9,4.8,7.2,1,5.3,3.9,0.0,No,Female,CSE,0,0.0
10.0,1,2,2,44.5,7.4,4.6,6.0,5.8,3,4.6,5.0,3.5,No,Male,CSM (AI/ML),0,0.0
7.97,2,1,1,63.2,7.3,6.7,7.8,7.1,0,6.7,7.1,2.1,Yes,Female,ECE,1,10.4
5.64,0,1,2,67.1,3.7,4.0,6.9,7.0,0,4.1,6.5,5.5,No,Male,EEE,1,2.5
8.15,0,3,3,54.7,6.0,8.0,6.6,5.7,0,3.1,4.2,0.2,Yes,Male,MECH,0,0.0
7.78,3,2,1,65.9,6.2,1.3,5.2,5.2,1,7.9,5.8,6.5,No,Female,CSE,0,0.0
8.69,1,3,3,49.6,5.8,4.9,8.1,8.0,0,7.6,3.2,6.7,No,Female,ECE,1,7.2
8.07,0,1,1,96.4,6.5,3.8,8.1,5.9,1,4.3,5.2,1.4,Yes,Male,CSE,0,0.0
7.26,1,0,2,57.8,2.8,8.2,8.0,5.9,1,5.4,4.9,5.6,Yes,Male,MECH,1,5.88
6.18,0,1,0,76.4,6.4,7.8,6.8,7.1,3,7.2,7.9,6.4,Yes,Female,EEE,0,0.0
7.19,1,3,3,44.5,5.7,6.9,6.4,5.6,0,5.6,6.0,7.4,Yes,Female,MECH,1,10.07
6.55,2,4,2,73.5,2.8,9.4,8.1,6.6,2,6.6,3.4,1.8,Yes,Male,CSE,1,7.7
6.82,1,5,3,50.5,6.9,5.8,7.8,5.8,0,6.5,3.4,1.5,Yes,Male,ECE,1,10.86
7.99,1,1,0,39.7,4.3,7.0,5.1,2.7,0,4.9,4.3,8.7,Yes,Male,CIVIL,0,0.0
9.07,0,5,0,45.0,5.6,2.8,6.9,6.8,1,6.5,1.7,3.3,Yes,Female,EEE,1,5.95
7.79,1,3,0,48.4,5.8,5.2,7.4,6.7,1,3.6,4.5,4.0,No,Female,CIVIL,0,0.0
6.2,1,1,2,63.8,3.2,6.0,5.4,6.8,0,6.3,4.7,6.7,Yes,Male,CSE,1,3.79
7.84,2,1,3,100.0,3.4,4.1,7.8,3.4,0,5.4,6.0,2.5,No,Male,CSM (AI/ML),1,3.82
8.6,1,2,1,100.0,7.1,6.3,7.5,4.4,1,4.8,6.3,4.6,Yes,Male,CSM (AI/ML),0,0.0
6.79,0,4,0,56.9,5.2,2.1,5.8,7.9,0,3.0,5.2,7.3,No,Female,ECE,0,0.0
7.27,2,2,0,77.4,5.6,6.8,4.4,6.4,3,5.8,1.6,1.9,No,Female,CSE,1,7.57
7.41,1,2,1,41.9,6.3,5.0,7.3,3.6,3,5.6,2.4,4.0,Yes,Male,CSM (AI/ML),0,0.0
6.62,1,1,1,28.3,3.4,4.3,9.3,6.4,0,3.8,3.7,2.6,Yes,Male,EEE,0,0.0
8.05,2,2,1,62.5,5.5,7.2,6.8,4.1,0,2.3,6.4,3.4,No,Female,EEE,1,11.76
7.28,2,5,0,70.7,6.0,8.6,7.4,5.5,2,2.2,6.3,7.9,Yes,Male,CSE,1,12.02
7.82,0,1,5,74.5,9.0,7.5,4.7,6.7,0,5.0,4.5,8.4,Yes,Female,IT,1,15.76
6.51,1,2,2,79.3,4.7,4.3,6.3,6.7,3,6.1,10.0,5.8,Yes,Female,ECE,0,0.0
6.96,3,2,1,56.7,7.5,7.1,6.2,7.7,0,9.2,8.3,6.4,Yes,Male,ECE,1,14.73
8.12,1,3,2,63.2,6.2,5.3,5.1,7.0,0,5.4,7.6,6.4,No,Female,IT,1,9.99
7.03,2,1,1,75.1,4.4,7.9,7.1,7.0,2,2.2,6.5,3.7,No,Female,CSE,1,6.12
9.13,1,1,1,81.1,5.2,6.2,7.0,5.8,0,5.1,6.0,5.7,Yes,Female,ECE,1,7.91
7.0,2,0,2,47.5,7.6,3.0,6.0,5.1,0,8.0,5.8,2.2,Yes,Male,MECH,1,6.99
7.62,1,1,0,65.4,7.4,5.3,6.4,6.4,0,4.1,1.2,3.0,Yes,Female,CSM (AI/ML),1,6.68
8.33,1,2,1,72.4,5.4,4.2,9.5,7.7,1,7.7,2.8,5.0,No,Male,MECH,0,0.0
5.98,1,4,0,64.4,6.7,4.3,5.5,7.5,2,5.9,4.5,2.8,No,Male,CIVIL,0,0.0
5.64,3,4,0,52.0,4.5,5.2,4.7,6.0,0,6.8,5.3,2.3,Yes,Female,CSE,1,9.1
5.87,0,2,2,62.0,5.9,6.3,4.7,6.2,1,9.2,4.7,3.6,No,Male,CSE,0,0.0
8.66,1,3,1,70.5,5.5,7.5,6.8,5.0,1,1.8,5.6,7.8,No,Female,CSM (AI/ML),1,10.32
6.85,4,2,2,49.8,7.7,4.8,2.6,7.9,0,7.3,0.6,8.8,Yes,Male,CSM (AI/ML),0,0.0
9.96,0,2,3,42.8,6.9,8.1,5.6,8.6,0,5.3,6.1,5.1,No,Male,CSE,1,15.02
6.84,1,3,2,95.0,5.1,2.6,4.9,6.9,0,3.6,5.1,6.5,Yes,Male,CSE,0,0.0
7.58,1,2,2,65.0,5.3,4.2,6.3,4.0,0,5.3,4.6,3.9,Yes,Female,CIVIL,0,0.0
8.94,1,1,0,77.0,6.2,9.7,6.3,7.2,1,8.9,6.9,0.4,Yes,Female,ECE,1,12.71
9.41,1,1,3,65.4,5.9,3.6,6.9,8.6,2,8.2,2.8,3.1,Yes,Female,CSE,0,0.0
9.46,1,3,0,78.8,5.8,8.2,7.3,4.7,0,1.5,4.5,4.5,No,Female,IT,1,12.58
8.61,0,2,1,63.3,5.6,5.8,8.1,7.5,1,4.0,5.6,5.5,No,Male,MECH,1,6.83
8.42,3,6,1,71.4,8.4,5.7,5.9,6.0,1,7.4,3.2,5.0,Yes,Male,CSM (AI/ML),1,12.58
7.99,0,2,0,44.2,5.5,7.6,5.4,8.0,2,5.5,0.8,4.6,Yes,Male,MECH,1,9.55
8.18,2,2,1,33.8,6.7,7.3,7.7,4.7,0,5.5,2.6,3.9,Yes,Male,ECE,1,12.81
6.85,2,1,2,54.4,10.0,8.3,3.9,5.7,1,2.4,4.9,6.0,Yes,Female,EEE,1,13.37
6.58,2,4,0,39.2,4.8,5.3,7.5,4.1,1,4.0,4.5,2.1,No,Male,CSM (AI/ML),0,0.0
7.4,2,2,1,28.1,6.5,6.1,6.6,6.8,0,2.8,5.0,7.0,Yes,Female,CSE,1,10.21
7.23,0,2,4,66.8,6.6,5.3,7.1,7.1,2,2.2,3.6,3.9,Yes,Male,CSE,0,0.0
6.95,1,2,3,33.7,6.2,3.7,6.9,6.8,1,3.0,2.2,10.0,Yes,Female,CSE,0,0.0
8.1,2,5,2,77.2,6.3,6.1,6.6,5.6,1,3.6,5.3,4.5,Yes,Male,ECE,1,11.46
8.36,1,3,2,85.1,4.8,5.5,6.7,5.7,2,4.0,4.7,4.1,No,Male,CSM (AI/ML),1,9.3
7.49,1,3,4,38.9,6.8,2.2,4.7,5.8,0,3.8,6.3,3.9,Yes,Female,CSE,0,0.0
8.88,1,2,2,66.6,3.3,7.9,5.4,7.5,0,7.5,3.4,4.1,No,Male,CIVIL,0,0.0
6.26,1,4,2,91.7,9.1,6.1,9.1,4.3,2,3.7,0.8,6.6,No,Female,EEE,0,0.0
7.21,2,0,1,54.4,8.9,4.5,7.4,5.8,3,8.4,0.0,5.1,Yes,Male,CSM (AI/ML),0,0.0
6.68,0,1,2,71.8,5.7,6.4,8.0,4.2,0,4.5,4.2,7.5,No,Female,IT,0,0.0
5.53,3,3,1,100.0,7.9,4.8,5.9,5.7,1,6.4,5.3,6.3,Yes,Female,IT,0,0.0
7.32,0,2,3,35.2,5.7,6.2,6.5,6.3,1,6.4,4.5,5.3,No,Female,CSE,0,0.0
7.28,1,2,4,45.7,6.2,8.4,7.2,9.2,0,3.7,3.8,6.1,Yes,Male,ECE,1,10.48
8.91,1,4,2,71.0,5.1,6.6,8.2,5.4,0,4.8,1.7,8.0,Yes,Female,MECH,1,12.49
8.03,0,0,2,96.8,7.5,4.9,6.2,7.7,1,4.5,1.0,6.7,Yes,Male,CSE,0,0.0
6.38,0,5,0,50.6,5.3,3.8,7.1,3.9,1,6.2,5.8,5.8,Yes,Male,CSE,0,0.0
9.25,2,1,0,100.0,7.5,4.4,7.5,6.4,0,5.2,4.5,6.2,No,Male,CSE,1,8.71
8.62,0,2,0,64.1,6.1,7.3,7.8,6.4,0,4.0,4.2,2.5,Yes,Female,CSE,1,12.09
7.98,0,2,3,30.5,6.2,5.7,6.1,7.3,0,5.7,1.8,10.0,No,Female,IT,0,0.0
7.17,2,2,2,87.4,3.8,6.9,8.3,5.5,0,6.2,3.0,6.4,No,Male,MECH,1,7.82
6.44,0,0,2,54.6,6.3,5.3,4.3,5.2,0,9.2,5.1,6.6,Yes,Female,CSE,0,0.0
7.03,1,1,0,69.2,4.4,4.0,4.7,3.4,0,5.6,5.6,5.1,No,Male,MECH,0,0.0
8.49,0,1,4,35.5,6.3,6.9,7.1,6.8,0,5.5,4.7,0.0,Yes,Female,CSE,1,8.81
9.28,1,1,3,49.9,9.3,4.3,7.1,5.4,0,6.4,7.9,4.6,No,Male,CSM (AI/ML),0,0.0
8.94,0,1,1,38.1,4.0,5.0,6.0,7.7,1,3.6,3.8,5.4,No,Male,CSM (AI/ML),0,0.0
6.91,3,0,2,36.4,6.0,3.5,5.7,7.0,0,2.0,7.7,3.3,No,Male,CSE,1,4.93
6.28,0,4,2,63.6,5.2,4.0,5.8,8.0,0,4.9,5.5,3.3,Yes,Female,CSM (AI/ML),0,0.0
7.54,0,3,3,71.1,4.5,7.5,5.1,5.1,1,7.6,5.2,4.4,No,Male,MECH,0,0.0
5.63,3,2,0,53.3,4.9,7.8,6.3,6.6,2,8.0,7.0,7.0,Yes,Male,CSE,1,9.05
7.72,1,0,0,39.0,8.6,7.9,4.1,6.6,0,1.7,3.7,8.1,Yes,Female,MECH,0,0.0
7.25,3,2,1,41.6,9.0,7.9,8.1,5.6,0,6.8,4.3,5.6,Yes,Male,CSE,1,14.59
6.93,2,0,5,67.9,4.5,5.1,7.0,8.0,0,1.1,2.4,3.9,Yes,Male,ECE,0,0.0
5.81,0,6,2,63.8,6.8,7.1,8.3,7.4,0,6.4,7.0,4.4,Yes,Female,CIVIL,1,11.38
7.91,1,4,0,68.2,4.7,7.8,6.6,9.1,0,6.3,5.7,5.4,No,Female,CSE,1,10.99
6.87,1,1,2,86.9,5.1,4.1,6.3,7.3,1,2.1,7.3,5.7,No,Female,EEE,0,0.0
6.23,1,3,3,71.2,2.9,6.2,6.6,8.9,0,7.5,5.4,6.2,No,Male,ECE,0,0.0
4.53,0,4,0,68.5,9.6,5.6,5.4,8.9,1,9.0,7.3,4.2,No,Male,CSM (AI/ML),0,0.0
7.37,2,4,2,99.9,8.0,2.2,4.5,5.6,0,5.4,3.4,6.4,No,Female,CSE,1,8.64
9.17,1,4,2,57.6,5.2,6.4,4.9,4.2,1,5.8,7.1,6.2,Yes,Male,EEE,0,0.0
9.06,1,3,2,100.0,6.7,4.4,5.8,8.7,1,8.5,4.2,4.3,Yes,Male,CSM (AI/ML),1,8.07
6.94,0,2,0,84.8,5.6,7.8,5.1,7.3,0,3.2,5.0,1.2,No,Male,CSM (AI/ML),0,0.0
6.8,4,2,6,57.2,7.7,4.4,8.4,7.0,1,3.3,6.5,3.2,Yes,Female,EEE,1,12.54
7.87,1,2,2,74.9,5.7,6.4,5.3,5.7,0,3.8,9.9,8.8,Yes,Male,IT,1,11.24
6.4,0,5,1,58.6,5.9,6.0,7.0,6.9,0,5.6,6.7,1.3,Yes,Female,CSM (AI/ML),0,0.0
7.7,1,1,1,39.0,5.1,2.5,7.3,7.7,2,5.6,6.9,8.2,Yes,Male,MECH,0,0.0
8.17,2,2,0,61.9,7.2,5.2,8.3,7.2,1,4.4,3.9,1.2,No,Female,IT,0,0.0
8.63,1,1,0,38.5,9.7,6.5,7.4,5.4,1,4.9,5.3,3.4,Yes,Male,CSE,0,0.0
7.3,1,0,0,65.7,5.7,7.7,6.1,8.5,1,4.4,4.8,4.3,Yes,Male,ECE,1,8.95
7.2,2,4,1,74.8,5.7,5.8,9.0,6.5,1,4.5,8.0,9.3,No,Female,CSE,1,8.98
6.52,1,1,1,58.5,6.2,7.5,4.5,7.3,0,4.0,4.7,5.3,No,Female,MECH,1,9.51
6.57,2,4,3,65.7,6.6,6.8,5.0,7.5,2,4.0,7.8,4.7,Yes,Male,CSM (AI/ML),1,11.26
7.17,1,2,0,65.4,5.7,6.9,6.7,9.3,1,1.5,2.3,3.0,Yes,Male,CSM (AI/ML),1,8.87
7.77,1,2,2,75.5,5.6,7.0,6.5,6.9,0,5.1,7.9,6.4,No,Female,EEE,1,10.26
8.31,1,2,1,63.4,6.3,5.3,7.6,6.2,0,1.6,3.2,4.0,Yes,Male,MECH,0,0.0
6.6,0,2,0,57.0,3.4,3.9,6.6,9.0,0,7.0,6.8,4.7,Yes,Female,CSM (AI/ML),0,0.0
8.89,2,2,2,74.8,5.3,8.8,7.0,7.9,1,4.4,3.2,4.4,Yes,Female,EEE,1,12.22
7.13,1,2,4,64.5,3.0,7.3,7.9,6.7,0,5.3,6.3,6.9,No,Female,IT,0,0.0
7.38,1,3,2,27.8,5.4,5.7,6.6,6.6,1,4.8,3.0,7.0,No,Male,CIVIL,0,0.0
6.65,1,3,2,56.4,4.7,7.0,7.4,3.6,2,5.0,7.2,3.2,Yes,Male,EEE,1,8.01
4.98,4,3,1,53.7,7.2,6.6,5.3,6.2,0,8.0,6.8,3.8,No,Male,IT,0,0.0
8.28,0,2,1,64.4,5.0,4.2,5.4,4.3,1,2.8,3.7,3.5,No,Male,CIVIL,0,0.0
8.14,0,2,1,62.6,5.6,5.2,7.7,2.6,0,2.3,6.2,5.6,No,Male,MECH,0,0.0
7.12,1,4,1,30.8,2.8,8.3,6.6,5.5,1,5.7,7.0,7.3,No,Male,CIVIL,0,0.0
7.47,2,3,2,38.1,7.8,5.8,6.7,4.4,0,4.5,3.1,5.7,No,Male,MECH,0,0.0
7.92,4,2,2,46.8,4.5,6.5,5.4,5.8,1,6.2,2.8,0.2,Yes,Male,ECE,0,0.0
5.84,2,3,2,63.0,5.4,8.2,5.8,6.7,0,6.9,2.8,6.9,Yes,Male,ECE,1,8.56
6.87,0,1,4,79.2,7.4,5.8,6.8,7.0,0,3.3,2.5,2.1,No,Female,CSE,1,9.85
8.19,0,3,1,36.3,7.5,4.0,5.9,6.1,0,6.7,2.7,3.6,No,Female,CSE,0,0.0
6.15,1,2,3,51.2,4.4,6.0,5.1,4.5,1,3.5,6.9,5.7,No,Female,MECH,0,0.0
7.69,0,3,4,61.2,7.0,4.7,5.1,6.1,0,5.6,6.2,5.0,Yes,Male,ECE,1,9.9
6.04,1,2,2,47.1,4.4,3.2,5.4,4.8,0,3.0,1.4,7.2,No,Female,MECH,0,0.0
7.87,1,1,1,63.4,6.6,7.3,5.9,8.3,0,5.8,3.9,3.8,No,Female,IT,1,9.04
7.36,2,1,2,72.2,4.9,5.3,6.0,6.1,2,5.5,2.6,3.0,No,Female,CSM (AI/ML),1,7.78
5.78,3,3,1,49.9,4.6,1.0,8.8,4.7,1,3.3,6.8,4.5,Yes,Male,CSE,0,0.0
8.56,0,1,2,67.2,6.3,6.3,7.8,4.8,0,2.8,4.1,7.4,No,Female,EEE,1,9.49
6.67,1,3,3,60.2,5.0,6.3,6.8,6.3,1,7.0,1.8,6.6,Yes,Male,CSE,0,0.0
6.59,1,0,0,43.6,9.4,9.5,9.2,6.4,3,4.6,5.4,5.4,No,Male,EEE,1,13.86
7.6,0,4,2,59.7,5.2,5.8,6.2,6.0,0,7.5,6.3,8.2,Yes,Male,ECE,1,8.64
8.55,1,3,4,69.3,4.3,7.8,7.1,7.7,2,4.4,3.0,7.8,Yes,Male,EEE,1,9.46
6.38,2,1,1,84.6,4.8,7.0,6.9,5.0,0,8.1,4.4,7.0,No,Female,CSM (AI/ML),0,0.0
7.46,1,2,2,88.3,6.2,4.7,7.1,7.7,1,3.6,3.1,2.5,No,Female,CSE,0,0.0
7.83,1,2,1,52.9,6.4,6.5,5.3,6.2,0,8.4,7.6,7.0,Yes,Female,CSE,1,9.44
8.09,4,1,6,52.0,6.7,5.5,5.9,7.5,1,5.8,4.1,4.7,No,Male,EEE,0,0.0
7.58,3,4,0,62.6,7.7,4.5,5.2,5.4,1,6.3,3.5,4.3,Yes,Female,ECE,1,11.37
7.03,0,2,1,53.3,3.5,4.8,7.0,7.4,1,3.5,4.9,3.6,No,Male,ECE,0,0.0
6.57,1,2,2,81.4,7.7,4.6,6.4,5.2,0,7.0,4.6,4.8,Yes,Male,CSM (AI/ML),1,7.69
7.49,1,2,2,63.6,4.7,5.8,3.6,8.6,1,7.0,6.4,3.8,Yes,Female,MECH,0,0.0
6.33,1,1,4,62.9,6.8,5.8,7.2,6.2,1,4.9,7.6,5.6,No,Female,IT,1,9.57
4.5,0,2,0,72.3,9.0,4.8,6.7,5.7,1,1.2,7.6,4.8,Yes,Female,CSM (AI/ML),0,0.0
7.84,2,3,2,64.6,4.9,5.4,9.0,4.7,1,3.3,4.2,5.7,Yes,Male,EEE,1,8.93
8.3,1,2,1,66.9,4.9,2.2,7.8,6.5,0,3.3,5.6,6.5,No,Female,CSE,0,0.0
5.04,1,1,2,66.2,4.6,3.9,8.1,6.1,1,6.4,8.1,4.5,No,Female,MECH,0,0.0
6.39,1,0,0,59.7,5.7,5.2,4.7,4.4,1,4.6,8.2,3.5,No,Male,CSM (AI/ML),0,0.0
8.02,1,3,0,47.6,8.2,9.0,8.1,5.3,1,4.6,3.2,0.6,No,Female,ECE,1,15.53
9.46,1,2,1,90.1,4.4,7.0,6.1,3.6,1,4.4,6.2,7.0,No,Male,CSE,1,9.29
7.42,0,0,3,47.5,5.4,3.9,5.4,4.7,0,8.4,5.9,5.4,Yes,Male,CIVIL,0,0.0
6.67,1,3,3,88.5,7.8,8.9,2.9,6.1,0,5.6,6.9,4.8,Yes,Female,CSE,1,14.77
7.22,0,1,0,67.5,7.2,5.8,8.4,6.8,0,5.9,7.6,7.9,Yes,Male,IT,1,8.98
8.77,1,5,2,52.4,5.4,3.6,6.0,5.8,1,4.3,2.8,2.2,Yes,Male,CSE,0,0.0
6.75,0,3,2,70.9,5.9,5.7,6.2,7.0,1,5.4,3.5,5.3,Yes,Male,CSM (AI/ML),0,0.0
6.6,4,4,1,74.6,7.7,7.7,6.9,5.0,0,3.5,6.9,3.0,No,Male,ECE,1,12.41
6.92,0,2,2,89.5,8.7,3.6,9.2,6.9,0,6.2,5.3,6.7,Yes,Male,CIVIL,1,7.46
6.45,3,0,3,40.9,8.9,3.8,6.1,6.2,1,3.2,0.3,0.1,No,Male,ECE,0,0.0
7.52,0,4,2,59.8,8.4,9.2,6.4,6.0,1,7.0,1.5,7.0,No,Male,CSE,1,14.93
9.02,3,1,1,84.0,5.1,6.4,7.9,6.3,0,4.0,6.4,7.0,Yes,Male,CIVIL,0,0.0
7.72,0,3,1,73.9,9.1,4.9,6.0,5.5,1,7.4,6.8,3.1,Yes,Male,ECE,1,11.2
7.15,0,3,0,69.8,5.0,5.6,5.2,4.2,0,9.3,2.2,5.4,No,Female,CSE,1,5.87
7.11,1,3,4,85.7,3.6,6.3,3.1,4.8,1,5.5,7.3,3.1,No,Female,ECE,0,0.0
5.84,0,0,1,59.1,6.4,5.4,8.4,4.3,0,8.1,4.6,6.2,No,Female,EEE,1,4.71
8.28,1,3,1,23.6,8.6,8.4,6.8,6.0,1,7.0,2.9,7.1,Yes,Male,EEE,1,13.18
7.32,1,5,2,56.1,7.3,6.0,7.2,7.3,0,2.6,3.8,2.9,No,Male,MECH,0,0.0
7.22,4,2,1,94.2,6.1,7.1,5.7,8.4,1,5.7,2.4,2.2,No,Female,CIVIL,1,12.29
10.0,0,4,1,66.8,6.7,6.0,7.4,5.7,0,6.5,3.7,7.7,Yes,Male,MECH,1,11.49
7.7,0,0,3,48.5,7.1,5.7,5.5,6.1,1,6.7,1.1,9.7,Yes,Female,ECE,0,0.0
6.65,2,2,2,83.3,6.4,7.5,6.6,8.9,0,5.9,4.8,6.3,No,Male,CSE,1,10.83
6.97,1,0,5,75.5,5.7,7.5,6.6,5.7,1,5.8,6.2,6.5,Yes,Male,MECH,0,0.0
8.55,2,2,1,64.4,5.0,2.7,8.1,5.4,2,5.5,2.2,4.4,No,Male,IT,0,0.0
7.51,1,2,2,71.4,6.4,5.8,7.4,6.1,0,5.8,5.0,5.6,No,Male,CSM (AI/ML),1,8.24
5.96,1,3,0,45.7,6.0,9.7,5.5,5.7,2,3.1,3.3,6.0,Yes,Male,ECE,1,11.05
8.32,0,4,5,56.2,6.2,5.0,7.3,5.4,0,5.0,6.4,4.8,No,Male,MECH,1,8.85
6.73,1,2,0,61.0,7.9,6.7,5.8,4.3,1,2.6,0.1,8.3,Yes,Female,EEE,0,0.0
9.27,1,1,1,79.6,5.8,8.2,5.2,8.5,0,4.5,6.5,5.6,Yes,Female,IT,1,13.23
8.48,0,3,1,53.2,5.9,3.7,7.2,7.1,1,4.3,1.2,5.9,No,Female,ECE,1,6.86
6.95,2,2,0,61.6,6.5,5.1,6.7,8.6,0,4.2,4.6,4.8,No,Female,ECE,1,10.27
8.68,0,5,3,85.1,10.0,2.8,4.6,7.6,0,3.4,3.5,5.1,Yes,Female,CSE,1,8.08
7.47,2,1,3,100.0,4.5,6.0,5.6,6.3,0,6.0,4.2,8.0,Yes,Male,CIVIL,1,7.25
8.25,0,4,1,48.1,7.9,6.5,7.5,4.0,1,4.9,1.8,5.5,Yes,Female,CSE,1,11.93
7.88,0,4,1,64.2,5.7,7.0,7.0,5.0,0,4.7,8.5,5.6,Yes,Male,IT,0,0.0
6.55,1,0,0,37.9,6.1,8.8,7.0,5.8,1,2.7,2.3,5.6,No,Female,CSE,1,9.57
6.76,1,2,5,61.8,4.1,5.9,9.2,5.0,2,4.9,2.5,4.4,Yes,Male,CSE,0,0.0
8.43,1,4,0,57.4,9.2,3.6,7.9,3.8,0,7.8,8.8,2.0,Yes,Female,ECE,1,10.38
7.07,1,0,1,82.0,6.6,4.1,6.2,5.1,1,7.8,5.7,8.8,Yes,Female,EEE,0,0.0
7.0,0,1,2,43.2,7.3,4.4,5.8,6.0,0,6.2,2.4,7.7,Yes,Male,CSM (AI/ML),0,0.0
6.44,0,1,2,41.0,3.8,6.2,5.4,8.5,1,4.9,4.7,8.1,Yes,Female,CSM (AI/ML),0,0.0
7.82,1,3,3,86.3,5.2,10.0,5.7,5.4,0,6.6,4.5,2.7,Yes,Female,ECE,1,12.85
9.46,2,1,0,51.9,6.9,5.7,4.0,7.2,1,4.2,1.5,8.5,Yes,Female,IT,0,0.0
6.33,1,1,1,65.2,5.9,8.4,4.6,4.9,0,4.9,3.4,9.7,Yes,Female,IT,1,10.13
7.42,3,3,3,66.7,6.9,5.6,7.4,6.0,0,4.0,4.9,7.6,Yes,Female,CSM (AI/ML),1,13.5
8.81,1,2,0,49.4,9.6,3.6,8.7,6.3,1,7.3,7.7,9.0,Yes,Male,EEE,0,0.0
7.32,1,6,2,49.4,7.0,4.2,6.5,8.5,1,7.1,4.6,7.0,Yes,Male,MECH,1,7.31
7.85,0,4,1,80.0,5.5,4.4,5.3,2.6,1,5.4,4.8,3.3,Yes,Male,EEE,1,3.37
6.34,2,1,0,72.8,5.2,5.6,1.3,5.2,1,9.0,3.3,6.4,Yes,Male,CSE,0,0.0
7.83,1,1,2,61.7,5.0,6.6,9.0,6.6,2,6.3,7.3,2.9,Yes,Male,ECE,0,0.0
7.21,1,1,5,59.8,5.5,4.5,4.4,6.9,1,6.2,6.9,3.8,Yes,Male,MECH,0,0.0
8.39,0,3,1,67.1,5.6,7.3,4.2,4.7,2,6.0,6.7,5.9,Yes,Male,CSE,1,8.36
8.59,0,6,3,68.1,6.4,7.8,6.0,6.2,1,3.0,5.2,5.6,Yes,Male,CSM (AI/ML),1,12.05
9.99,2,3,2,82.2,7.0,5.3,6.3,6.3,0,3.7,1.6,6.3,No,Female,CSE,0,0.0
7.98,1,2,2,61.7,6.9,7.5,6.4,8.4,0,5.4,7.3,1.1,Yes,Male,CIVIL,1,12.16
7.73,2,1,2,69.1,6.4,2.1,5.1,6.6,0,5.4,5.1,4.8,No,Male,CIVIL,0,0.0
7.59,0,0,3,73.5,6.5,1.3,7.0,6.1,1,6.7,4.4,6.5,Yes,Male,CSE,0,0.0
7.05,2,1,0,73.8,10.0,7.4,5.6,5.3,0,4.2,5.9,6.9,Yes,Male,MECH,1,12.72
7.74,2,2,0,85.2,5.0,5.0,5.7,7.2,0,5.6,5.5,7.1,Yes,Female,CSM (AI/ML),1,9.59
7.1,0,2,1,61.8,6.1,10.0,6.0,5.9,0,5.7,2.8,5.8,Yes,Female,EEE,1,13.89
7.57,0,1,3,52.9,3.3,5.6,5.4,5.5,0,5.8,4.3,4.3,Yes,Male,ECE,0,0.0
8.72,1,3,0,56.3,5.6,3.9,4.5,4.9,2,5.5,1.0,6.4,Yes,Male,ECE,0,0.0
6.39,1,1,1,72.3,4.8,9.0,4.6,5.9,0,2.7,5.2,4.5,Yes,Male,CIVIL,1,11.9
8.54,1,0,0,60.3,5.0,7.0,4.7,7.3,1,1.0,7.8,7.3,No,Female,EEE,0,0.0
8.72,1,2,4,98.6,4.3,8.7,7.1,5.6,0,3.6,1.2,6.2,Yes,Female,CSE,1,11.05
7.28,2,6,1,62.2,4.0,4.7,7.0,6.3,0,4.4,5.3,5.1,Yes,Male,CSE,0,0.0
5.28,2,1,1,46.7,6.4,6.5,6.0,5.5,0,3.1,6.4,3.4,No,Female,IT,0,0.0
6.79,1,2,0,67.2,7.3,4.1,6.1,6.5,0,5.4,6.7,7.8,Yes,Male,CSE,0,0.0
8.7,0,1,3,86.6,5.0,2.5,8.2,6.4,0,7.7,3.4,6.5,Yes,Female,MECH,1,4.26
7.38,2,3,3,48.9,3.0,7.2,7.2,5.2,2,7.0,2.7,10.0,Yes,Male,ECE,1,8.0
6.4,1,1,2,48.5,6.4,4.9,8.7,7.5,3,6.4,3.8,6.4,Yes,Male,CSE,0,0.0
6.9,1,1,1,59.0,7.0,3.9,5.5,4.3,1,7.5,7.5,6.6,Yes,Male,MECH,1,2.77
8.24,2,2,3,51.7,7.3,3.2,4.7,7.9,0,3.7,1.4,1.8,No,Male,CIVIL,0,0.0
7.95,2,3,2,40.4,4.6,6.1,7.9,6.8,1,4.6,2.4,5.9,No,Female,CSE,0,0.0
7.16,2,1,3,37.3,5.2,5.9,6.4,7.1,2,6.7,4.0,4.5,Yes,Female,CSE,0,0.0
7.03,2,4,2,65.7,4.4,4.9,5.2,4.0,0,4.6,3.0,7.1,Yes,Male,CIVIL,0,0.0
7.01,1,3,0,73.4,5.0,4.5,7.1,6.2,0,4.7,4.9,6.0,Yes,Male,ECE,0,0.0
6.48,0,3,2,50.8,4.9,7.3,5.3,8.4,0,9.2,8.0,7.5,Yes,Male,EEE,0,0.0
9.02,0,4,2,60.9,5.4,1.1,7.4,6.1,0,5.7,2.5,10.0,No,Male,CSM (AI/ML),0,0.0
7.08,1,2,2,65.0,5.8,7.0,7.1,6.5,0,9.0,4.7,3.4,Yes,Male,CSM (AI/ML),0,0.0
8.62,0,3,3,44.3,6.4,6.7,6.1,4.7,0,1.9,5.0,7.4,Yes,Male,CSM (AI/ML),1,8.23
8.92,0,3,1,75.7,4.8,3.5,3.9,4.3,0,4.2,4.3,6.8,Yes,Female,ECE,1,7.13
8.4,0,4,1,65.4,6.0,2.1,5.0,6.6,0,6.3,1.7,9.8,No,Female,CSE,1,4.51
6.97,1,2,1,70.4,4.7,6.9,8.7,5.4,2,5.7,3.7,6.8,Yes,Male,EEE,1,5.6
7.8,1,4,2,72.9,3.4,3.6,9.0,5.5,0,1.4,3.7,6.6,No,Female,ECE,1,4.41
7.38,2,2,2,100.0,7.1,8.8,10.0,6.4,1,5.0,6.3,7.2,No,Female,CIVIL,1,13.23
6.5,1,3,1,45.6,5.1,9.8,7.0,7.3,0,10.0,5.9,7.3,Yes,Male,IT,0,0.0
7.72,0,6,0,47.7,3.4,6.6,4.8,7.0,0,6.0,1.7,8.5,Yes,Male,CIVIL,0,0.0
6.22,1,1,2,88.9,7.1,5.6,8.4,6.4,0,6.7,4.2,3.3,Yes,Female,ECE,1,7.54
8.59,0,0,0,72.4,5.8,5.4,6.0,7.5,0,4.2,3.9,4.3,Yes,Female,CSM (AI/ML),0,0.0
6.94,0,1,0,63.1,6.9,2.6,5.4,7.8,0,6.0,9.1,9.2,No,Male,CSM (AI/ML),0,0.0
7.6,0,2,2,54.4,6.9,5.3,6.9,6.1,0,5.5,5.6,0.7,No,Female,EEE,1,8.55
7.68,2,0,0,58.3,4.4,4.9,9.2,8.6,0,7.7,2.7,5.0,Yes,Male,EEE,0,0.0
7.14,1,4,0,58.6,7.7,4.6,6.2,4.8,0,7.7,3.4,5.5,Yes,Male,CSE,0,0.0
7.99,1,3,1,38.1,3.3,6.5,6.4,4.2,1,6.3,4.2,4.8,No,Female,IT,0,0.0
6.93,1,3,1,77.6,5.6,6.0,4.1,8.2,0,5.6,5.8,8.8,No,Female,CSE,0,0.0
8.27,1,1,3,29.8,5.5,7.3,6.6,5.3,1,2.1,6.0,6.3,No,Female,ECE,0,0.0
6.05,1,1,0,48.4,5.0,5.0,7.4,2.6,0,2.1,5.4,4.3,Yes,Female,ECE,0,0.0
7.53,1,1,3,55.1,8.2,6.9,6.3,5.8,0,5.7,4.6,3.7,Yes,Male,ECE,1,12.37
9.34,1,6,1,96.3,6.7,5.8,6.4,8.0,2,7.2,4.7,5.8,Yes,Male,ECE,1,12.0
6.4,2,0,2,60.4,3.9,6.9,6.7,5.9,0,8.2,4.7,7.9,Yes,Male,CSE,0,0.0
6.72,2,2,0,67.1,4.2,5.7,4.8,3.8,0,3.7,1.3,5.5,No,Male,IT,0,0.0
7.91,1,3,1,48.0,9.6,9.2,3.0,5.9,2,2.5,4.9,4.9,Yes,Female,IT,1,15.07
7.58,2,6,1,75.9,5.4,1.2,6.2,6.0,0,7.4,3.8,3.6,No,Male,ECE,0,0.0
7.75,0,4,1,100.0,4.9,7.0,6.1,5.8,0,3.9,1.5,6.1,No,Male,CSE,0,0.0
7.89,3,2,6,69.9,8.1,7.4,7.3,5.3,0,2.3,10.0,5.9,Yes,Female,CSE,1,15.84
8.03,2,1,2,56.6,3.4,3.4,10.0,5.4,1,4.5,5.7,3.5,No,Male,CSE,0,0.0
8.51,0,2,1,29.5,8.4,9.3,8.3,7.3,0,4.5,5.0,7.6,Yes,Male,ECE,0,0.0
7.81,3,2,2,73.1,4.9,5.8,3.3,5.5,1,8.1,4.2,9.1,Yes,Female,ECE,0,0.0
7.16,0,1,4,46.2,7.0,5.6,10.0,6.5,1,7.2,6.5,5.3,No,Female,CSM (AI/ML),0,0.0
8.07,1,1,1,49.9,5.4,6.5,7.4,6.5,0,4.0,2.6,5.9,No,Female,ECE,0,0.0
9.3,0,2,1,76.9,3.7,7.5,6.0,5.4,2,8.3,4.3,2.7,No,Female,CIVIL,0,0.0
7.27,1,4,2,54.4,6.5,6.1,8.6,5.2,2,5.8,3.0,6.9,No,Male,CSE,1,8.17
6.43,2,1,1,60.5,7.7,6.0,2.6,6.4,1,7.6,6.5,6.3,No,Male,ECE,0,0.0
8.51,0,0,1,74.0,2.4,7.4,5.6,4.0,0,8.2,3.3,4.4,Yes,Male,EEE,1,5.5
7.28,1,4,1,50.7,4.4,7.6,6.7,9.1,1,5.0,7.3,3.5,No,Female,IT,1,9.99
5.23,3,5,0,41.4,8.2,6.4,6.5,5.5,1,6.6,4.8,9.4,Yes,Male,MECH,1,8.45
8.25,1,2,1,69.4,6.8,2.9,8.7,5.8,1,4.7,6.6,6.1,Yes,Female,ECE,0,0.0
6.86,0,1,1,74.1,6.9,3.9,8.2,7.3,0,7.4,5.8,3.1,Yes,Male,MECH,0,0.0
7.31,2,3,0,52.8,7.7,7.9,7.4,6.1,1,5.7,7.2,7.2,No,Female,IT,1,12.65
7.73,0,1,3,52.0,6.9,5.3,6.0,5.7,0,7.4,3.0,5.7,Yes,Male,CIVIL,0,0.0
7.59,1,3,2,44.4,6.4,4.7,7.8,4.4,0,8.5,6.9,5.3,Yes,Female,CSE,0,0.0
8.11,0,0,4,73.4,8.0,6.6,5.5,6.4,2,6.6,1.1,7.5,No,Female,ECE,0,0.0
6.96,2,0,0,92.7,5.6,6.4,7.6,5.5,0,5.3,5.1,0.0,Yes,Female,MECH,0,0.0
7.91,2,3,0,76.9,6.2,5.4,5.3,9.2,0,5.3,3.9,1.0,No,Female,EEE,1,9.14
7.14,2,3,2,60.5,7.5,7.2,6.8,6.0,1,0.0,2.1,8.4,No,Male,CSM (AI/ML),1,12.51
8.14,1,1,1,73.5,5.0,3.4,4.2,3.1,0,4.1,3.1,4.9,No,Male,CSM (AI/ML),0,0.0
8.02,0,0,2,48.7,8.5,2.5,8.0,7.6,0,7.4,3.7,4.2,Yes,Male,EEE,0,0.0
6.46,0,1,0,67.9,6.7,8.7,5.7,4.9,2,7.4,4.6,2.1,Yes,Male,CSM (AI/ML),0,0.0
8.49,2,0,2,44.6,4.4,3.7,4.3,6.4,0,4.0,3.9,5.6,Yes,Female,CSM (AI/ML),0,0.0
6.86,1,1,0,60.0,5.9,3.0,5.0,8.3,1,5.8,5.2,5.9,No,Female,MECH,0,0.0
8.21,0,0,2,79.2,4.0,5.2,5.9,5.9,0,5.1,3.3,8.5,Yes,Male,CSM (AI/ML),1,5.8
7.77,0,2,2,75.0,6.3,5.7,5.0,6.0,3,6.9,4.0,6.1,No,Female,EEE,1,6.68
9.24,0,3,1,71.1,5.6,4.9,7.5,7.6,0,9.9,4.4,4.5,No,Female,CIVIL,1,9.87
7.18,0,2,0,68.7,4.8,5.4,6.0,8.3,1,6.9,5.4,6.1,Yes,Female,EEE,0,0.0
7.05,3,6,0,50.2,3.4,3.1,7.8,6.1,0,4.2,6.8,7.8,No,Female,ECE,1,5.96
7.38,1,5,2,64.3,4.9,7.2,6.0,9.1,0,5.3,6.8,7.2,Yes,Female,CSE,1,9.64
7.1,0,1,2,74.5,5.9,2.9,7.5,3.9,2,8.3,5.5,6.6,Yes,Male,EEE,0,0.0
8.2,2,2,4,58.1,5.6,5.8,6.4,5.0,0,2.7,5.9,5.8,Yes,Male,IT,1,10.72
5.78,1,2,1,58.7,3.9,6.2,6.0,5.6,2,4.3,5.7,3.9,Yes,Male,MECH,0,0.0
6.35,2,2,2,54.5,6.2,7.0,4.8,7.8,0,6.9,4.3,2.8,No,Female,EEE,1,9.42
6.33,0,3,2,57.4,4.6,6.2,6.5,6.6,0,8.1,6.9,2.5,No,Male,ECE,1,5.42
8.35,1,2,0,49.6,7.7,3.7,7.5,5.4,2,6.7,3.1,6.1,Yes,Male,CSE,0,0.0
9.11,1,0,2,62.4,7.9,5.0,5.4,4.7,0,4.3,0.7,6.3,No,Female,EEE,0,0.0
7.3,4,3,0,56.9,5.8,4.5,6.4,4.2,0,6.6,2.8,7.7,No,Female,CSE,0,0.0
7.23,1,6,1,38.4,8.7,2.8,5.6,7.0,0,6.3,7.9,6.5,Yes,Female,CIVIL,1,7.8
7.47,1,1,0,100.0,6.0,6.6,9.3,5.8,0,6.2,4.4,7.6,No,Male,CSM (AI/ML),1,8.5
8.56,1,3,3,45.4,4.1,4.4,6.9,7.7,1,5.3,5.6,4.9,Yes,Male,CSM (AI/ML),0,0.0
6.47,1,1,2,59.8,8.1,6.1,6.5,4.3,0,5.6,4.4,7.0,No,Male,CSE,1,10.83
7.64,0,2,4,63.0,8.8,5.6,5.7,6.9,0,3.7,6.2,2.9,No,Female,ECE,1,10.78
8.38,1,2,2,53.4,7.8,3.6,7.7,6.2,2,10.0,5.1,5.1,Yes,Male,EEE,0,0.0
7.9,0,1,1,60.6,5.0,3.5,6.4,5.4,0,5.8,4.9,1.0,Yes,Male,CSM (AI/ML),0,0.0
7.59,0,1,0,48.9,4.2,5.2,6.3,5.5,1,6.6,6.3,5.3,No,Female,EEE,0,0.0
8.4,1,3,0,73.6,5.6,3.3,6.3,6.4,0,5.1,4.0,8.0,No,Male,EEE,1,6.27
4.7,2,3,1,61.6,10.0,7.7,4.7,6.3,1,7.2,5.8,5.4,Yes,Female,CSM (AI/ML),0,0.0
8.08,1,2,1,73.5,4.3,8.4,8.6,5.1,1,2.9,4.6,6.9,Yes,Female,CSM (AI/ML),1,11.03
6.75,1,2,1,85.5,7.5,7.3,7.8,7.0,0,2.0,4.8,5.8,Yes,Female,CIVIL,1,9.21
5.57,0,2,4,57.5,6.1,6.5,6.4,8.0,0,5.4,3.3,3.9,Yes,Female,CSE,0,0.0
7.91,2,0,0,74.4,7.7,5.9,6.2,6.0,0,9.6,4.5,4.8,Yes,Male,EEE,1,11.55
8.77,0,3,2,86.6,4.2,3.8,5.1,7.1,0,7.9,3.9,7.9,Yes,Male,CSM (AI/ML),1,5.13
7.26,3,3,2,60.0,5.8,7.4,4.2,6.1,1,3.9,7.4,6.8,Yes,Male,EEE,1,10.81
8.35,3,2,0,73.1,4.8,8.4,5.1,9.7,0,6.5,1.5,3.8,Yes,Male,ECE,1,12.58
9.01,1,1,1,54.6,4.9,5.2,8.1,6.3,2,4.2,6.9,2.0,No,Female,CSE,0,0.0
8.71,0,2,1,81.2,7.4,5.7,5.8,7.3,1,6.4,1.3,5.7,Yes,Female,IT,1,8.56
9.04,1,5,0,54.0,4.4,4.3,8.0,7.9,0,6.5,6.1,3.9,Yes,Female,CSE,0,0.0
8.14,1,1,1,73.2,6.7,5.2,6.4,5.4,0,7.4,3.2,4.8,Yes,Male,CSE,1,9.93
7.48,3,1,2,77.9,6.3,3.4,5.1,7.3,1,2.4,6.2,1.9,No,Female,CSM (AI/ML),1,8.52
5.8,1,2,1,43.1,4.7,5.3,5.3,7.5,0,3.0,4.7,7.6,Yes,Female,IT,0,0.0
7.15,0,2,2,51.3,5.0,6.6,6.8,6.9,0,5.3,2.0,5.0,Yes,Male,CSM (AI/ML),0,0.0
6.56,2,1,3,50.7,6.7,6.4,4.0,7.4,0,3.4,7.9,5.3,No,Male,ECE,0,0.0
9.57,0,5,0,79.3,6.2,6.3,5.2,5.4,0,3.3,6.6,3.3,No,Male,ECE,1,8.42
7.22,0,0,3,43.2,6.3,1.2,5.7,9.3,0,6.0,6.1,4.6,No,Male,CSM (AI/ML),0,0.0
7.52,1,1,0,67.2,5.8,5.9,7.6,2.9,0,3.7,3.7,5.5,Yes,Male,EEE,0,0.0
7.95,1,2,2,73.6,5.7,7.0,6.8,5.1,0,10.0,6.7,3.8,Yes,Female,ECE,1,9.62
7.44,1,4,0,64.7,6.2,5.8,6.7,4.4,0,4.4,2.3,4.7,Yes,Female,ECE,1,6.83
9.1,0,2,2,82.4,8.5,8.0,7.1,8.7,1,5.0,0.3,8.4,Yes,Female,CSE,1,12.14
6.78,3,2,2,31.2,7.0,5.6,8.0,6.1,0,6.1,1.7,1.2,Yes,Male,IT,1,8.32
7.59,0,0,4,71.7,6.0,6.6,6.5,5.0,1,2.5,3.1,5.6,Yes,Female,CSE,0,0.0
6.66,1,2,3,59.1,4.5,3.9,4.8,5.5,0,6.5,3.4,3.4,Yes,Female,EEE,0,0.0
6.08,2,6,2,37.9,5.5,6.9,6.7,4.2,1,6.2,4.1,8.3,No,Male,CIVIL,0,0.0
6.79,2,3,0,44.7,4.7,7.3,5.1,7.2,0,4.8,4.2,4.8,No,Female,CSE,1,10.92
7.36,1,0,2,87.0,4.9,4.4,3.3,7.3,1,6.0,3.6,2.8,Yes,Female,CSE,1,3.98
6.97,1,3,3,72.1,3.2,3.1,6.7,6.7,0,6.4,0.6,4.7,No,Female,CSM (AI/ML),0,0.0
6.71,2,1,1,74.8,6.2,4.9,7.2,5.3,1,8.4,5.4,6.0,No,Male,MECH,0,0.0
5.99,0,1,1,77.3,9.5,3.9,6.9,8.4,1,10.0,4.4,10.0,Yes,Male,EEE,1,6.33
7.32,1,4,2,40.3,6.5,6.9,7.2,7.4,0,3.4,3.5,0.3,Yes,Male,MECH,0,0.0
5.9,2,3,1,65.9,7.4,4.9,8.1,3.9,0,2.9,7.9,2.4,Yes,Female,CSM (AI/ML),1,8.4
8.16,0,0,2,79.6,7.7,7.2,4.9,6.0,0,5.7,4.5,8.2,No,Female,IT,0,0.0
7.48,1,0,0,55.6,5.7,2.8,5.8,4.7,2,1.3,5.1,1.7,Yes,Male,CSM (AI/ML),0,0.0
5.94,1,1,0,83.8,5.8,4.2,4.5,8.4,1,6.8,6.7,5.2,Yes,Female,MECH,0,0.0
7.09,0,5,1,52.2,4.0,4.3,7.1,5.7,0,5.7,1.9,4.1,Yes,Male,CSM (AI/ML),0,0.0
6.65,3,1,0,64.0,6.5,6.3,8.2,4.4,1,6.2,5.0,3.7,No,Male,CSE,1,10.33
7.72,1,5,1,68.4,6.3,1.9,5.6,6.1,0,4.9,6.7,4.8,Yes,Female,CSM (AI/ML),0,0.0
8.74,1,0,0,74.1,4.8,5.3,7.5,8.5,1,6.0,4.8,4.4,Yes,Male,CSE,1,6.85
5.52,2,3,1,57.4,8.0,5.1,5.2,7.5,0,6.4,2.3,7.6,Yes,Male,CSE,0,0.0
7.52,3,5,2,78.2,5.0,6.5,7.4,5.6,1,5.9,4.0,8.3,Yes,Male,CSM (AI/ML),1,9.71
7.24,0,2,3,68.8,10.0,5.9,3.0,6.1,0,2.8,5.4,6.2,Yes,Male,CSE,0,0.0
8.07,1,5,1,35.8,6.8,4.0,8.7,7.7,0,5.8,0.6,4.7,Yes,Female,ECE,1,7.96
7.61,0,1,3,91.4,6.2,1.5,4.8,8.3,0,9.2,2.2,5.8,Yes,Female,CSE,1,4.0
6.65,0,3,0,46.7,9.3,4.3,6.7,4.1,0,6.0,9.1,7.1,Yes,Female,CSM (AI/ML),1,8.13
7.08,1,1,3,92.7,2.5,3.4,8.5,6.5,3,5.8,6.0,7.5,Yes,Male,IT,0,0.0
6.6,0,1,2,59.5,5.7,3.5,4.6,5.8,1,8.6,8.1,6.1,Yes,Female,CSM (AI/ML),0,0.0
8.48,0,1,0,56.5,5.5,4.4,9.0,5.6,0,4.0,6.8,8.7,Yes,Male,CSE,0,0.0
7.42,2,6,1,68.4,5.9,7.4,9.6,8.2,0,7.3,5.8,3.8,Yes,Male,CSM (AI/ML),1,12.61
9.3,2,1,2,50.8,6.6,3.4,7.4,4.4,1,4.4,4.4,7.8,Yes,Male,MECH,0,0.0
7.34,0,4,3,31.8,5.9,2.3,6.4,7.4,0,7.7,5.8,6.8,Yes,Male,CSM (AI/ML),0,0.0
6.69,0,1,2,60.3,8.4,4.7,6.1,3.1,0,7.1,8.0,3.8,Yes,Male,CSM (AI/ML),1,6.66
5.89,0,3,1,68.0,6.9,5.3,7.3,5.3,2,4.7,6.7,5.7,No,Male,MECH,1,4.62
5.6,2,2,1,86.6,7.0,5.1,7.5,6.3,1,5.0,5.4,5.9,No,Female,CSE,1,9.33
5.82,2,1,1,42.9,6.9,4.5,3.4,4.5,1,7.5,4.6,4.9,Yes,Male,ECE,1,5.78
7.67,0,1,1,71.3,4.1,5.3,6.0,9.4,0,1.8,6.0,4.8,Yes,Male,CSE,0,0.0
7.91,2,1,4,60.3,6.5,6.2,5.5,5.3,0,4.6,3.9,1.7,No,Male,CSE,0,0.0
5.82,1,1,1,62.5,6.6,4.1,5.3,5.2,0,6.7,6.0,3.6,Yes,Male,CSE,0,0.0
8.3,2,1,0,77.6,4.4,7.7,5.3,5.3,2,4.9,3.5,4.7,No,Male,ECE,0,0.0
6.92,0,3,6,53.8,7.6,5.5,4.5,7.1,0,5.8,4.3,3.9,No,Female,MECH,1,12.06
7.55,1,1,1,64.7,2.9,7.7,8.7,7.6,1,1.4,2.8,3.2,No,Male,CSM (AI/ML),1,7.52
9.01,2,0,0,79.4,10.0,6.3,5.5,5.7,0,3.8,4.1,7.6,Yes,Female,CSM (AI/ML),1,12.08
8.3,2,1,2,78.5,6.1,3.4,6.2,6.7,0,6.9,3.6,5.0,Yes,Male,CSM (AI/ML),1,8.79
7.13,3,1,1,42.5,4.8,2.1,5.9,6.9,3,4.0,8.6,10.0,Yes,Male,CSM (AI/ML),0,0.0
6.51,2,5,5,52.2,7.2,7.8,5.6,4.3,1,2.9,3.1,5.7,Yes,Female,CSM (AI/ML),1,11.9
5.25,0,1,2,59.7,7.2,4.1,7.0,6.1,0,7.6,5.8,7.6,Yes,Female,CIVIL,0,0.0
6.68,1,1,1,75.0,9.5,5.6,5.9,5.4,4,6.5,3.0,4.7,Yes,Male,CSE,0,0.0
7.19,2,1,3,58.0,9.1,4.7,7.3,4.1,2,3.3,5.1,3.7,Yes,Male,EEE,0,0.0
6.41,0,4,0,63.3,4.1,8.4,8.8,6.6,0,5.8,5.6,5.8,No,Female,CIVIL,1,7.6
7.27,1,2,1,82.0,5.8,5.7,4.7,7.7,2,3.4,1.1,8.2,Yes,Female,CSM (AI/ML),1,8.76
7.48,2,3,2,56.6,4.7,3.2,6.9,6.4,1,5.2,2.1,5.0,Yes,Female,EEE,0,0.0
7.18,2,1,1,85.6,7.4,5.3,6.8,2.7,2,5.9,3.0,6.2,No,Female,ECE,0,0.0
6.75,2,1,4,36.3,8.5,7.9,4.6,5.7,3,3.9,2.3,5.8,Yes,Female,CSM (AI/ML),0,0.0
7.57,0,1,2,55.7,4.1,4.1,7.4,5.0,0,7.0,5.2,5.0,Yes,Female,CSE,1,5.62
7.84,1,1,1,40.2,6.1,2.8,6.0,8.8,0,7.3,5.5,5.1,No,Female,CSE,0,0.0
6.31,1,0,2,63.9,5.2,7.2,8.8,5.8,2,6.0,2.8,2.9,Yes,Female,CSE,1,7.3
8.81,0,5,2,74.0,7.6,3.9,7.9,4.0,0,6.3,5.3,5.2,No,Female,MECH,1,8.62
7.3,1,3,1,59.4,6.9,2.6,6.4,6.2,0,2.6,4.1,6.7,No,Female,ECE,1,5.87
7.42,1,6,1,54.4,8.1,4.0,6.1,7.2,0,8.2,4.8,5.9,Yes,Male,MECH,1,9.44
8.11,1,5,3,40.2,5.5,6.2,9.0,6.4,1,5.3,3.7,5.6,No,Female,CSM (AI/ML),0,0.0
7.63,2,3,2,88.9,6.0,6.5,5.5,5.2,0,3.6,6.0,6.9,Yes,Female,MECH,1,11.92
8.35,0,5,0,61.6,6.8,6.5,6.8,5.7,1,5.8,8.4,5.6,No,Male,CSM (AI/ML),1,10.37
7.69,4,0,2,54.8,5.8,3.8,6.3,7.4,1,7.0,6.6,5.2,Yes,Male,CSE,1,9.48
6.79,1,1,3,87.0,6.7,7.4,8.2,6.4,1,6.5,7.9,6.9,Yes,Male,ECE,1,10.05
7.76,0,4,1,56.4,8.2,7.1,8.3,9.1,0,3.3,2.1,5.5,Yes,Female,IT,1,14.33
6.26,0,1,2,47.4,9.6,6.6,7.2,6.4,0,7.0,3.6,4.7,No,Female,CSM (AI/ML),1,11.83
7.51,1,0,1,50.6,5.4,3.7,5.6,4.2,1,5.4,6.2,6.3,No,Male,ECE,0,0.0
7.37,0,1,1,48.3,9.6,4.6,6.2,6.0,0,6.5,8.2,5.1,No,Male,CSM (AI/ML),0,0.0
7.19,0,2,1,44.9,5.4,6.3,4.6,5.5,1,3.9,6.4,4.6,Yes,Female,CSM (AI/ML),0,0.0
7.27,3,0,3,50.9,7.6,6.8,6.8,4.1,1,7.6,2.8,5.6,Yes,Male,CSE,1,11.79
5.52,1,4,1,100.0,5.4,3.8,5.2,6.5,0,5.9,4.1,5.6,Yes,Male,CSM (AI/ML),0,0.0
6.85,0,2,4,43.6,4.6,9.1,9.8,5.7,0,7.9,5.7,2.7,No,Female,ECE,1,11.58
7.49,0,4,1,38.1,8.2,5.5,5.6,6.5,1,2.4,4.7,6.0,Yes,Female,MECH,1,9.04
7.56,2,3,4,66.4,6.1,7.5,7.9,8.9,0,2.7,3.3,9.4,Yes,Female,CSE,0,0.0
6.37,1,3,2,60.8,8.3,3.4,8.7,6.1,0,5.0,4.4,2.9,No,Female,ECE,0,0.0
8.67,0,1,1,72.6,7.4,6.1,7.6,7.7,2,8.4,5.0,4.0,Yes,Male,EEE,0,0.0
6.53,0,2,1,53.1,6.9,3.3,5.6,6.0,1,9.4,2.7,10.0,No,Male,CSM (AI/ML),0,0.0
8.37,0,4,1,48.1,7.1,6.0,5.5,6.9,0,3.7,7.1,3.3,Yes,Male,ECE,0,0.0
7.83,0,2,2,88.8,7.9,6.6,10.0,6.5,1,5.6,4.1,8.2,Yes,Female,EEE,1,10.79
6.75,1,1,2,36.2,7.7,6.7,9.4,6.7,1,5.8,4.8,4.7,No,Male,ECE,1,10.75
9.18,0,4,2,67.8,5.6,4.3,6.9,6.1,2,6.9,7.2,5.3,No,Female,CSM (AI/ML),0,0.0
6.21,2,3,2,73.0,6.9,2.3,5.9,8.3,1,7.3,4.7,4.9,Yes,Male,MECH,0,0.0
8.32,0,3,2,75.1,8.6,6.4,5.1,7.2,0,3.3,7.1,6.2,Yes,Female,IT,1,12.38
8.4,1,1,1,57.1,6.3,5.0,5.5,6.5,0,5.6,2.8,1.6,No,Female,CSE,1,6.72
6.73,4,5,2,42.0,5.4,5.0,7.5,7.6,1,1.5,5.9,5.6,No,Male,CIVIL,1,9.37
8.79,1,3,0,86.0,5.2,4.0,9.9,6.5,0,7.1,6.8,4.3,No,Male,ECE,1,6.9
7.15,2,4,1,54.9,7.6,5.6,6.2,7.9,0,4.8,3.3,0.9,Yes,Male,CSM (AI/ML),1,7.19
7.69,1,5,2,86.5,5.8,5.7,8.2,4.6,1,3.1,4.6,7.8,Yes,Male,CIVIL,1,7.94
7.66,2,1,2,67.9,6.8,7.7,7.7,9.3,0,6.2,4.7,0.4,No,Female,CIVIL,0,0.0
7.27,1,1,3,54.3,5.7,1.9,6.0,6.5,0,4.8,5.4,10.0,Yes,Male,CSE,0,0.0
8.21,1,1,0,68.3,8.1,3.2,7.9,4.7,0,8.0,6.0,6.6,Yes,Male,CSM (AI/ML),0,0.0
8.19,2,1,2,80.4,6.4,6.6,7.9,7.3,0,3.7,3.1,2.1,Yes,Female,CIVIL,1,8.54
5.65,1,2,0,63.3,8.5,1.6,7.8,8.1,1,9.9,4.9,8.3,Yes,Female,ECE,0,0.0
8.7,2,3,4,50.2,8.4,4.4,5.8,4.9,0,7.2,8.3,3.5,Yes,Female,CSM (AI/ML),1,12.51
5.74,0,3,2,33.4,6.1,10.0,7.5,5.6,1,8.1,7.2,3.6,Yes,Female,IT,1,10.29
8.43,0,4,1,55.2,8.3,5.2,8.2,7.7,2,3.4,6.7,1.1,Yes,Male,CSE,0,0.0
8.53,2,1,2,74.9,5.7,7.1,7.8,7.1,0,9.1,4.6,3.2,Yes,Male,ECE,1,12.59
6.31,2,4,0,45.8,6.6,2.5,8.0,5.7,0,3.1,9.5,3.5,No,Male,CSM (AI/ML),0,0.0
6.99,0,2,0,72.9,5.0,7.1,6.1,6.0,0,5.1,7.2,7.1,Yes,Male,CSM (AI/ML),0,0.0
6.29,1,1,3,62.5,7.1,5.0,8.0,4.5,0,8.1,5.1,7.9,Yes,Male,CSE,1,7.6
7.19,4,1,1,73.9,6.7,6.3,8.3,4.9,2,6.5,5.5,2.3,No,Male,CSE,1,9.43
7.09,1,6,0,24.6,7.0,6.8,5.7,4.0,1,3.0,4.0,5.8,Yes,Male,CSE,1,9.76
8.18,1,2,1,39.3,4.0,4.8,4.3,5.8,1,7.8,5.8,1.0,Yes,Male,MECH,0,0.0
8.71,1,3,0,54.6,3.0,6.7,8.9,7.2,0,6.2,6.2,5.8,No,Male,EEE,1,7.15
8.8,0,1,0,91.9,4.4,3.6,5.7,5.9,1,4.7,6.5,10.0,No,Female,MECH,0,0.0
6.84,1,2,4,49.9,7.0,5.8,5.3,7.9,1,2.4,4.6,1.1,Yes,Female,EEE,0,0.0
7.19,1,3,1,60.0,7.3,6.7,6.7,5.4,0,6.4,1.9,2.9,No,Male,CSE,1,11.56
5.72,1,2,5,96.4,8.0,4.7,6.0,4.2,2,5.2,5.5,6.9,Yes,Male,IT,0,0.0
6.59,2,2,2,68.9,5.6,3.9,3.5,7.9,0,5.8,6.5,7.1,Yes,Female,CSE,0,0.0
8.36,1,4,2,75.8,6.5,4.9,7.7,6.8,1,2.3,2.9,3.0,No,Male,CSM (AI/ML),1,8.66
9.02,1,1,1,51.7,5.1,7.8,7.7,8.0,1,4.7,4.8,8.6,Yes,Female,EEE,1,8.19
6.17,1,2,1,80.9,8.4,7.5,4.9,5.8,1,6.5,7.8,3.3,No,Male,CSE,1,11.7
6.81,0,3,3,83.3,5.1,7.2,6.4,8.5,1,9.3,2.5,9.0,Yes,Male,CSE,0,0.0
7.37,2,1,0,70.0,8.1,8.7,4.9,4.8,1,5.1,4.4,6.3,Yes,Female,CIVIL,1,13.21
7.68,0,3,1,60.6,5.8,5.8,5.1,5.9,1,8.4,8.1,8.1,Yes,Male,CSM (AI/ML),0,0.0
6.59,0,4,2,71.0,8.7,6.1,5.5,6.9,1,7.1,5.3,6.1,No,Male,EEE,1,9.77
7.82,2,4,0,36.0,6.5,2.0,7.2,5.6,0,6.0,3.9,6.7,Yes,Female,CIVIL,0,0.0
6.93,1,2,0,79.4,6.5,4.1,9.4,6.6,3,3.5,5.0,6.8,Yes,Female,IT,0,0.0
7.39,1,2,0,48.4,5.0,6.8,5.8,8.0,0,3.6,6.7,7.8,No,Female,CSE,1,9.62
7.95,0,3,1,57.5,9.7,7.4,7.7,6.8,0,6.7,4.6,5.1,No,Female,CSE,1,13.91
7.41,1,3,1,83.1,7.8,3.3,7.6,6.1,0,4.4,6.3,3.1,Yes,Female,MECH,1,8.81
6.96,0,6,0,79.6,7.0,5.6,3.2,8.0,1,4.3,5.5,5.0,Yes,Male,CSE,0,0.0
7.29,2,2,1,36.1,6.6,9.9,4.3,7.0,3,5.1,5.7,3.7,Yes,Male,ECE,0,0.0
7.31,0,0,2,46.8,5.1,5.6,9.5,6.3,1,5.2,6.4,3.8,No,Male,ECE,0,0.0
7.03,0,4,2,72.2,7.3,8.5,5.6,6.2,0,7.3,4.4,9.0,Yes,Male,ECE,1,12.97
7.14,0,4,0,34.2,6.1,6.5,7.1,5.8,0,4.5,3.0,6.6,No,Female,EEE,0,0.0
9.0,2,3,1,84.7,6.3,6.9,6.9,7.5,0,7.1,6.0,6.5,No,Male,CIVIL,1,13.45
7.96,2,4,2,63.9,7.6,4.1,3.2,7.5,0,6.4,4.7,7.7,Yes,Male,CSE,1,9.82
7.1,3,3,3,84.6,6.7,2.7,5.4,8.1,1,2.2,4.1,6.6,Yes,Male,ECE,0,0.0
8.1,3,1,1,50.1,6.2,7.2,7.5,6.9,1,6.1,6.1,9.5,Yes,Male,CSM (AI/ML),1,10.23
7.07,2,1,5,51.5,8.5,6.4,5.0,5.5,1,0.2,7.7,0.4,No,Male,CSM (AI/ML),1,10.3
8.57,1,3,1,78.5,4.9,5.9,5.8,6.8,0,3.7,4.7,2.9,Yes,Male,CSE,0,0.0
7.77,0,2,1,57.3,3.6,3.3,4.6,5.5,0,6.4,5.0,3.6,No,Female,ECE,0,0.0
7.29,0,3,1,42.1,4.9,5.1,5.1,6.5,1,5.5,2.5,2.0,No,Female,IT,0,0.0
7.85,1,4,0,71.0,6.4,4.6,5.6,8.3,1,2.0,4.5,5.5,Yes,Female,MECH,0,0.0
5.83,1,4,2,36.5,7.3,4.8,3.6,8.0,0,3.3,5.5,5.6,Yes,Female,CSE,0,0.0
6.27,0,3,1,85.1,5.0,6.2,8.2,7.6,0,0.3,5.0,9.7,No,Female,EEE,0,0.0
6.21,2,3,1,64.9,10.0,7.1,4.3,6.3,1,2.8,4.2,7.3,Yes,Male,CSM (AI/ML),1,12.85
7.54,2,5,0,47.8,6.5,6.3,6.1,7.6,1,6.7,6.5,4.0,Yes,Female,MECH,0,0.0
9.13,1,1,2,80.3,6.4,6.2,5.3,5.4,1,4.4,5.1,6.3,Yes,Male,CIVIL,1,9.16
9.63,1,3,2,80.6,4.1,6.0,8.0,4.3,1,5.8,10.0,1.0,No,Male,CSM (AI/ML),1,8.68
8.04,3,1,0,62.1,3.9,5.5,4.6,6.7,2,5.5,5.4,5.5,No,Female,CSE,0,0.0
7.9,1,2,1,98.4,3.3,4.2,5.2,5.8,1,5.6,0.0,5.4,Yes,Male,CSM (AI/ML),1,3.53
5.6,1,2,3,98.0,8.4,5.9,4.4,8.8,2,7.5,2.7,3.1,No,Male,CSE,0,0.0
6.86,2,2,1,67.2,8.1,7.2,2.8,8.6,0,5.1,6.1,4.7,No,Male,ECE,1,11.74
6.61,2,1,2,79.0,6.2,5.6,7.2,5.3,1,7.3,3.6,3.6,No,Male,CSM (AI/ML),1,7.04
6.78,0,2,1,82.9,4.3,4.1,6.4,7.3,2,0.5,3.8,3.1,No,Female,CSE,1,3.88
7.23,2,4,0,43.8,5.8,3.5,6.7,3.5,0,7.7,2.4,6.8,Yes,Male,ECE,1,5.18
6.93,2,3,3,66.6,8.5,4.0,7.6,6.8,0,2.9,4.0,7.6,Yes,Female,CIVIL,1,9.69
5.42,0,1,1,51.1,5.4,3.6,6.6,6.7,1,3.4,5.4,6.4,Yes,Male,CSM (AI/ML),0,0.0
8.15,2,3,2,48.8,4.8,10.0,5.7,4.9,0,4.1,5.8,4.2,No,Male,CSM (AI/ML),1,14.53
6.33,0,4,6,63.9,5.6,4.1,6.8,6.5,1,7.7,2.9,3.7,Yes,Male,CSE,0,0.0
7.64,2,2,0,65.1,5.7,5.7,5.6,5.0,1,3.7,6.7,4.3,No,Female,CSM (AI/ML),1,9.48
9.47,1,1,3,36.2,7.4,5.6,8.1,7.5,0,4.2,2.5,4.7,Yes,Female,CSM (AI/ML),1,12.15
6.48,3,2,3,67.5,2.7,8.5,5.9,6.6,0,3.6,5.9,3.2,Yes,Male,IT,1,9.65
4.87,1,3,2,58.0,6.5,6.6,6.2,8.4,0,6.0,5.7,7.6,No,Female,CSE,0,0.0
7.11,1,2,1,84.4,5.1,6.6,7.4,4.2,0,7.0,3.0,4.7,No,Female,CSE,1,9.02
8.5,1,1,0,80.6,5.3,6.1,9.9,5.1,0,8.9,2.8,7.0,Yes,Male,CSE,0,0.0
9.36,2,6,1,48.3,7.4,6.3,4.9,5.6,1,10.0,5.8,2.0,Yes,Male,CIVIL,1,14.41
6.17,1,2,0,83.0,4.1,6.4,4.6,7.0,0,6.8,3.8,3.6,Yes,Female,CSM (AI/ML),0,0.0
7.9,1,0,3,70.6,6.5,4.6,6.0,6.7,0,6.2,4.6,7.2,No,Male,MECH,0,0.0
6.93,1,0,5,58.5,7.0,4.1,5.3,6.9,0,3.1,6.4,7.2,No,Male,EEE,1,6.75
7.29,2,6,1,53.8,7.1,5.9,7.4,5.4,0,9.3,6.0,2.4,Yes,Male,IT,1,10.55
10.0,3,1,1,43.6,7.3,4.8,6.7,3.6,0,5.9,3.1,5.9,Yes,Male,CSE,1,10.81
5.9,0,2,0,42.5,7.1,6.2,4.7,5.2,1,4.9,4.9,6.0,Yes,Male,CSE,0,0.0
7.65,1,2,0,32.8,7.4,3.7,7.5,8.3,0,6.3,3.0,3.6,Yes,Female,EEE,0,0.0
7.87,1,3,1,62.3,4.8,3.0,9.2,5.4,1,4.2,6.8,6.0,Yes,Female,ECE,1,7.09
8.49,0,3,2,29.0,8.4,3.4,5.2,6.5,1,0.8,8.2,1.6,No,Female,EEE,1,9.0
7.5,1,2,1,48.1,4.3,5.7,6.9,6.4,0,6.6,3.2,3.1,No,Female,ECE,0,0.0
7.71,2,3,2,72.5,6.8,2.7,3.1,6.6,0,8.2,4.9,6.6,Yes,Male,ECE,1,8.34
7.01,0,2,2,85.9,5.1,9.5,5.8,4.4,0,6.6,6.9,5.3,Yes,Male,IT,0,0.0
7.67,1,6,2,43.6,3.5,9.5,6.9,7.4,0,5.5,5.1,5.4,Yes,Female,IT,1,11.57
7.06,2,0,1,71.8,5.3,7.5,6.2,6.2,2,5.5,6.2,4.8,Yes,Male,CSE,1,8.0
8.02,3,6,1,57.0,6.0,5.1,6.6,9.5,0,5.8,5.1,6.4,No,Female,CSM (AI/ML),1,10.27
7.03,0,3,2,53.7,8.4,4.9,5.2,5.8,1,5.8,2.8,6.5,Yes,Male,ECE,0,0.0
7.78,0,3,1,64.5,9.1,6.4,8.3,7.7,4,5.4,5.2,7.0,Yes,Male,CSM (AI/ML),0,0.0
7.37,3,3,1,51.5,6.0,6.9,5.8,5.8,1,5.6,7.4,5.5,Yes,Male,CSE,1,10.99
8.53,2,1,3,60.7,4.0,6.4,4.6,9.0,0,8.6,5.7,4.3,Yes,Female,ECE,0,0.0
7.35,1,4,1,63.1,4.1,3.3,6.3,7.3,0,6.4,8.4,3.9,Yes,Female,IT,0,0.0
5.63,1,0,3,80.6,7.4,5.4,7.8,4.5,0,5.7,1.3,2.8,No,Female,CSE,1,5.68
8.66,1,3,1,84.0,7.3,6.8,7.2,8.3,0,6.8,5.8,4.3,No,Female,MECH,0,0.0
6.49,2,3,2,52.4,5.2,1.3,5.6,7.4,0,6.8,3.6,3.8,Yes,Male,CSE,0,0.0
6.75,2,2,3,57.7,4.3,3.7,9.1,5.6,0,7.4,3.2,8.9,Yes,Male,ECE,0,0.0
6.8,1,2,0,74.9,7.8,6.8,6.3,4.0,2,4.0,7.8,2.8,No,Male,CSM (AI/ML),1,9.32
8.77,0,2,1,59.1,4.2,5.2,3.8,8.0,0,4.5,4.5,7.6,No,Male,CSM (AI/ML),0,0.0
5.26,2,1,2,73.4,5.5,5.2,7.3,8.7,0,3.9,4.3,4.6,No,Female,CIVIL,0,0.0
10.0,3,1,2,76.4,7.0,7.9,6.2,7.9,2,7.0,5.7,4.7,No,Female,IT,1,14.82
8.46,1,4,1,78.3,3.0,5.7,6.3,7.5,1,6.9,0.5,6.1,Yes,Female,CSM (AI/ML),1,6.27
7.62,1,4,3,63.4,7.7,4.9,7.7,7.1,0,3.0,7.8,1.9,Yes,Female,EEE,1,9.1
7.35,0,2,1,43.4,10.0,5.2,6.0,7.8,0,6.3,9.0,3.4,No,Female,ECE,0,0.0
7.69,1,1,4,59.3,6.4,5.3,6.0,5.9,1,8.2,6.9,2.3,No,Female,CSE,0,0.0
7.92,0,1,2,53.9,6.1,4.2,4.5,3.8,0,5.0,5.9,4.3,Yes,Male,CSE,0,0.0
8.05,0,5,4,74.4,6.3,5.4,5.6,7.4,0,6.1,4.5,3.1,Yes,Female,MECH,0,0.0
7.96,1,4,1,86.4,6.6,3.6,6.8,6.8,1,7.0,2.7,8.2,Yes,Female,CSM (AI/ML),0,0.0
7.49,1,4,1,86.9,5.0,5.2,5.5,4.3,1,2.9,7.5,3.9,No,Female,CSM (AI/ML),1,8.41
7.2,0,3,2,76.2,4.4,4.8,3.9,3.2,0,5.8,6.9,0.0,No,Male,IT,0,0.0
7.25,1,2,1,47.0,5.6,6.2,7.4,6.4,0,8.0,5.9,4.4,Yes,Male,CSE,0,0.0
7.21,1,2,2,84.5,6.4,8.7,7.4,6.1,3,4.3,5.7,7.1,No,Male,CSE,1,8.78
8.53,2,1,3,68.8,4.6,6.3,7.5,6.0,2,7.2,5.6,8.9,Yes,Male,CIVIL,1,8.69
7.99,2,3,4,48.8,4.0,6.0,5.0,7.1,5,5.6,3.9,4.7,Yes,Male,CSM (AI/ML),0,0.0
4.5,0,1,1,75.8,5.5,6.2,6.4,5.3,0,4.2,10.0,4.0,No,Male,ECE,0,0.0
8.06,2,2,1,58.5,4.1,4.2,6.8,7.3,1,5.3,4.4,5.2,Yes,Male,CSE,0,0.0
7.59,0,2,0,30.8,7.3,7.1,7.3,7.3,2,4.4,4.1,6.2,Yes,Male,IT,0,0.0
7.38,0,3,0,46.3,1.0,6.6,7.3,2.6,1,3.7,7.4,2.6,Yes,Female,CSE,0,0.0
7.01,1,0,1,61.0,4.3,5.7,4.3,6.2,0,5.0,4.9,4.6,No,Male,CSE,0,0.0
8.52,1,4,1,60.3,8.5,6.5,9.0,6.6,0,5.6,5.0,5.1,Yes,Male,CSE,1,13.3
8.35,0,1,2,45.0,5.8,6.4,4.6,7.3,0,5.2,8.0,5.3,Yes,Male,ECE,0,0.0
6.63,3,0,0,74.0,6.5,6.4,4.0,7.1,1,5.0,6.4,4.9,Yes,Male,MECH,0,0.0
7.81,0,1,1,70.3,6.0,7.7,2.0,3.8,0,6.0,6.5,3.0,No,Female,CSE,0,0.0
6.43,1,0,2,39.0,5.2,4.4,7.4,6.4,0,6.6,2.0,6.0,Yes,Male,CSE,0,0.0
6.02,1,1,1,100.0,8.0,8.3,8.6,5.9,0,3.2,5.8,5.1,No,Female,CSM (AI/ML),1,10.61
6.77,1,1,2,42.6,5.3,2.8,5.5,7.8,1,5.0,2.9,5.1,Yes,Male,IT,0,0.0
8.26,1,3,2,54.7,4.9,7.1,3.7,4.6,0,1.6,4.0,2.7,Yes,Male,CSE,1,10.29
8.35,1,1,1,68.0,7.3,6.1,7.7,6.3,1,5.2,5.4,6.7,Yes,Female,ECE,0,0.0
7.91,1,0,4,54.7,3.1,4.0,4.5,7.5,1,5.8,4.9,3.0,Yes,Female,EEE,0,0.0
8.13,2,3,1,85.3,5.7,7.8,7.3,7.4,1,6.6,6.4,8.9,No,Male,MECH,1,12.77
7.92,1,1,3,59.2,5.4,2.4,5.0,6.1,1,5.8,6.6,2.5,Yes,Female,MECH,1,3.18
6.76,2,4,3,47.3,5.7,8.9,5.7,8.0,0,6.6,6.8,7.0,No,Female,CSE,1,13.08
7.83,1,4,0,71.8,5.4,10.0,6.9,5.3,0,5.6,2.2,0.8,Yes,Male,ECE,1,11.25
8.2,1,2,5,15.6,6.8,5.5,6.9,7.3,0,4.1,10.0,0.0,Yes,Female,CSE,1,10.49
8.15,1,1,3,70.5,8.0,3.8,6.6,7.6,1,3.3,4.9,3.9,No,Female,ECE,1,8.59
8.59,1,2,1,82.6,6.9,4.7,8.6,4.4,1,5.0,7.5,0.0,No,Male,CSE,0,0.0
8.11,1,0,1,25.1,5.7,7.7,9.0,8.1,0,4.0,0.0,6.9,No,Female,CSE,1,8.03
7.75,1,5,2,55.5,7.2,5.2,9.1,4.0,0,5.3,4.4,5.1,No,Male,CSM (AI/ML),0,0.0
8.47,0,1,3,35.7,7.4,1.0,6.1,6.8,1,4.5,1.9,8.4,No,Male,IT,0,0.0
7.37,0,1,1,62.2,6.8,6.5,6.6,5.6,0,6.3,3.2,4.8,Yes,Male,EEE,1,9.03
6.52,1,1,1,97.9,7.9,7.5,8.5,7.7,1,5.6,5.1,5.8,Yes,Female,CSE,1,9.69
7.24,1,2,0,65.7,2.4,6.8,5.4,6.8,0,6.4,4.3,4.6,Yes,Female,CSM (AI/ML),0,0.0
6.66,3,1,0,58.5,6.2,7.1,5.8,8.8,0,6.4,7.8,3.2,No,Male,CSE,0,0.0
6.72,0,4,1,16.8,6.7,8.8,6.4,7.9,1,5.1,8.7,4.3,Yes,Male,CSM (AI/ML),0,0.0
7.26,0,3,0,44.3,3.8,5.4,6.4,6.5,1,5.3,3.0,2.4,Yes,Male,EEE,0,0.0
6.61,0,2,0,59.9,6.6,9.1,6.0,8.0,0,6.5,4.0,6.1,No,Male,MECH,1,9.89
7.09,2,3,1,63.5,7.7,5.5,5.0,6.2,1,10.0,2.8,4.5,No,Female,MECH,1,9.3
5.51,1,4,0,67.5,5.8,7.9,7.7,4.8,0,3.5,7.4,5.0,Yes,Female,CIVIL,1,11.14
7.61,1,1,2,74.3,7.3,5.5,5.8,5.7,0,5.6,5.3,10.0,Yes,Male,CSM (AI/ML),1,9.3
7.4,0,2,3,47.5,7.8,9.7,6.6,6.1,1,3.1,5.1,4.3,Yes,Male,CIVIL,1,12.83
6.58,1,3,2,62.6,8.3,7.0,6.4,1.9,1,5.5,5.7,5.9,Yes,Male,MECH,1,11.1
8.06,2,5,1,54.1,8.1,5.6,7.4,8.2,0,4.2,4.3,5.1,Yes,Male,ECE,1,10.18
8.34,0,4,3,47.0,8.4,3.5,7.1,6.2,0,5.3,3.2,7.9,Yes,Female,IT,1,8.17
5.79,1,3,1,48.1,5.4,6.2,6.0,7.6,2,5.8,5.1,5.7,No,Male,IT,0,0.0
6.64,0,0,4,70.7,5.6,4.2,5.8,6.5,0,4.5,4.4,4.6,No,Male,CIVIL,1,3.61
6.63,3,2,1,21.0,2.2,6.6,6.2,4.1,0,1.9,5.7,10.0,No,Female,CSE,0,0.0
6.46,2,2,1,32.3,4.5,7.1,4.7,6.4,1,8.4,1.6,3.2,Yes,Female,CSE,1,8.55
8.23,2,1,2,100.0,8.1,7.8,5.2,6.1,1,7.2,5.4,4.8,No,Male,CIVIL,1,12.0
7.21,1,2,3,51.4,5.2,6.8,7.2,5.3,1,5.2,3.6,7.3,No,Male,CSM (AI/ML),0,0.0
7.14,1,1,0,85.5,6.8,6.0,6.8,5.8,0,3.7,5.3,3.3,No,Female,MECH,0,0.0
5.4,3,2,1,61.0,6.6,8.3,5.0,6.3,2,5.7,6.9,7.0,No,Male,EEE,0,0.0
8.04,1,4,0,53.0,8.2,8.5,6.2,2.9,1,6.2,3.8,4.1,No,Female,MECH,1,13.99
6.16,0,3,1,72.5,3.0,3.8,4.1,6.8,0,7.0,7.5,7.5,Yes,Female,CSE,0,0.0
7.46,1,1,2,63.3,6.8,9.1,6.6,7.1,1,7.2,1.3,7.4,No,Male,CSM (AI/ML),1,10.98
7.68,1,3,2,59.1,6.7,8.1,5.9,7.0,0,7.6,8.2,5.0,No,Male,CIVIL,1,12.11
8.76,1,3,2,61.3,4.8,4.2,9.5,5.9,0,2.0,7.6,2.9,Yes,Male,ECE,0,0.0
6.09,3,4,4,68.3,7.7,2.2,7.3,9.0,0,4.9,3.1,4.3,Yes,Female,EEE,0,0.0
4.5,0,3,1,51.0,4.0,8.1,5.0,7.0,0,7.5,3.2,5.2,Yes,Female,MECH,0,0.0
7.58,1,2,2,54.3,7.9,6.2,4.9,5.7,1,3.7,1.9,7.2,No,Female,CSE,1,8.77
9.2,1,1,0,46.4,2.8,4.9,7.4,4.6,0,7.9,6.9,5.9,No,Male,CSE,0,0.0
8.64,0,2,1,42.7,4.8,6.4,7.7,4.4,2,9.1,4.3,6.4,Yes,Male,MECH,0,0.0
7.61,2,2,3,91.6,6.0,8.1,9.2,6.9,0,7.9,4.2,6.0,Yes,Male,CSE,1,11.61
6.91,0,3,3,47.5,6.5,1.9,8.1,7.3,0,6.8,2.6,7.1,Yes,Female,CSM (AI/ML),1,3.0
8.21,0,2,0,78.0,3.2,6.0,7.1,6.5,1,4.6,8.8,4.7,No,Female,CIVIL,0,0.0
6.43,2,0,2,56.3,7.9,5.9,8.5,6.2,0,6.1,3.0,5.6,Yes,Male,ECE,1,10.22
7.88,0,1,1,70.6,7.4,8.6,6.5,5.8,1,2.8,5.1,5.3,Yes,Male,CIVIL,0,0.0
7.91,2,1,1,62.0,9.2,7.4,6.4,7.0,2,3.9,5.5,4.2,No,Female,CSM (AI/ML),0,0.0
8.46,1,1,4,33.3,7.3,7.4,4.6,5.2,1,4.1,4.2,7.5,Yes,Male,EEE,0,0.0
10.0,2,1,0,62.5,5.0,5.0,8.7,6.3,1,5.6,3.7,7.5,No,Male,CSM (AI/ML),0,0.0
7.79,1,4,0,71.7,4.5,7.1,6.6,6.4,0,4.7,4.2,8.0,Yes,Male,CSE,1,8.44
6.89,1,2,0,46.7,5.5,4.9,6.3,7.1,4,6.0,6.2,3.4,Yes,Male,IT,0,0.0
7.37,2,1,1,99.1,9.7,5.6,5.2,5.2,0,7.3,4.3,6.0,No,Male,CSE,1,11.66
5.63,0,3,3,75.0,6.3,6.9,8.2,4.9,0,4.1,8.4,7.7,Yes,Male,CSE,1,6.85
6.71,0,1,1,75.1,6.3,6.0,7.9,6.4,0,5.8,3.4,8.7,Yes,Male,CIVIL,0,0.0
6.99,0,0,2,76.8,8.4,6.4,5.0,6.6,0,4.7,6.6,1.7,Yes,Male,MECH,1,9.46
6.88,1,2,1,24.7,4.3,8.3,7.2,6.3,1,5.9,1.3,5.2,Yes,Male,IT,0,0.0
7.55,1,1,0,73.3,7.1,5.1,7.6,2.5,0,6.9,3.4,4.8,Yes,Male,CSE,1,8.21
6.58,1,3,3,98.4,7.0,3.8,4.5,6.8,0,7.3,3.3,8.9,Yes,Male,CSE,1,8.24
8.52,1,2,2,74.2,7.7,4.1,7.4,9.9,0,6.8,2.7,0.1,Yes,Male,CSM (AI/ML),1,9.09
7.4,0,1,2,57.8,7.6,3.7,7.1,7.6,2,6.3,5.6,2.8,Yes,Male,ECE,0,0.0
7.39,2,1,1,44.2,6.1,8.9,7.3,3.6,0,2.7,4.8,8.5,Yes,Female,CSE,1,12.67
7.07,1,2,0,42.6,4.0,7.0,9.4,5.7,0,3.3,0.2,4.1,No,Male,CSE,1,7.75
7.56,0,1,2,40.7,5.3,7.8,10.0,6.0,1,3.9,9.2,2.2,Yes,Male,EEE,1,8.29
8.23,0,2,2,55.6,7.5,7.5,8.3,5.9,1,6.2,5.4,8.7,Yes,Male,EEE,1,12.72
6.53,1,3,2,44.9,9.2,5.4,6.8,4.6,0,2.9,5.0,1.9,Yes,Female,CSE,1,10.22
6.74,0,4,1,59.6,4.2,8.9,7.4,5.0,0,6.2,7.8,7.6,Yes,Male,IT,0,0.0
7.1,0,2,2,65.3,4.1,4.5,7.1,7.6,1,6.0,7.1,1.6,Yes,Male,CSE,0,0.0
6.05,0,2,2,34.5,3.7,9.6,9.9,7.3,0,1.6,4.4,1.9,Yes,Female,CIVIL,1,9.57
6.58,1,2,1,49.8,5.0,6.0,6.6,6.1,0,3.3,0.9,5.7,Yes,Male,IT,1,6.63
6.92,0,2,3,52.7,7.7,9.2,5.8,7.6,0,7.6,6.2,3.2,Yes,Female,ECE,1,13.12
8.27,1,2,4,52.3,8.3,3.8,7.2,5.4,1,6.9,3.0,5.8,Yes,Female,CSM (AI/ML),1,6.96
7.66,2,1,0,62.3,2.9,5.0,9.5,5.8,0,3.8,7.6,9.3,Yes,Female,CSE,0,0.0
7.59,1,0,4,64.0,4.3,2.8,4.9,5.8,0,3.4,3.4,4.8,Yes,Female,MECH,0,0.0
8.25,1,1,1,55.2,4.0,7.8,5.4,4.1,0,0.6,4.1,8.9,Yes,Male,CSE,0,0.0
7.26,0,6,4,51.2,4.8,6.3,5.3,5.9,1,8.4,2.2,5.9,No,Female,EEE,1,6.97
7.79,3,2,2,61.7,5.8,9.6,4.6,8.6,2,5.6,2.3,7.4,Yes,Male,ECE,0,0.0
7.3,1,4,5,85.1,5.6,4.9,5.0,8.4,2,9.3,4.8,0.0,No,Male,CSE,1,7.35
7.67,0,3,2,38.7,7.0,8.3,7.8,6.5,0,5.1,4.6,6.7,No,Male,IT,0,0.0
6.82,1,2,0,80.1,3.1,6.0,6.7,6.0,2,6.1,4.0,6.3,Yes,Male,CIVIL,0,0.0
4.96,2,2,2,35.9,5.4,5.6,4.5,8.8,0,7.3,9.3,4.4,No,Male,CSE,0,0.0
7.27,1,1,3,67.8,8.4,5.3,7.4,6.0,1,8.8,6.3,9.6,No,Male,CSM (AI/ML),1,9.37
8.82,2,2,2,78.8,8.4,4.2,6.9,5.6,1,6.5,5.0,4.1,Yes,Male,CSM (AI/ML),1,11.21
8.33,1,1,1,40.8,8.9,6.5,7.8,7.6,1,5.5,0.0,1.5,Yes,Male,CIVIL,1,10.72
8.37,2,4,1,67.6,6.8,6.2,5.5,3.9,1,5.6,6.7,7.0,Yes,Female,CSE,1,11.5
8.64,1,2,3,45.3,5.2,2.8,4.6,6.1,0,3.4,10.0,1.9,Yes,Male,IT,0,0.0
7.49,0,1,2,80.7,6.5,1.0,7.4,6.2,1,4.7,4.6,5.4,Yes,Male,CSE,0,0.0
7.6,2,2,3,36.4,10.0,5.2,7.6,7.0,2,5.6,3.3,8.3,No,Female,CSE,1,12.84
6.78,0,3,5,47.7,5.4,8.0,4.7,5.5,0,8.3,5.3,6.3,Yes,Female,EEE,1,9.7
7.08,1,2,1,64.1,9.1,6.2,6.8,6.1,1,4.6,2.0,4.6,No,Male,CSE,0,0.0
8.02,1,1,1,73.4,2.3,3.3,5.5,6.4,1,7.6,6.0,4.4,Yes,Female,CIVIL,0,0.0
8.6,2,1,3,63.5,7.1,2.4,7.9,5.9,0,5.3,8.2,8.1,No,Male,CSE,1,6.85
7.26,1,3,2,69.9,7.2,8.0,7.4,6.0,3,8.0,3.6,2.4,No,Male,IT,0,0.0
6.95,1,3,2,53.2,6.8,2.7,8.2,7.5,1,6.9,3.7,7.0,Yes,Female,CIVIL,1,5.22
7.4,2,4,2,44.5,6.9,7.2,5.1,7.1,0,6.7,4.8,10.0,No,Male,MECH,1,13.52
8.0,0,0,1,85.4,7.0,6.9,5.4,7.0,2,7.5,3.9,6.4,Yes,Female,CSM (AI/ML),0,0.0
5.96,1,3,5,70.0,7.1,8.9,5.8,4.0,0,7.2,1.8,4.7,Yes,Male,ECE,1,11.78
5.1,2,3,0,54.2,5.7,4.6,5.6,6.9,2,7.6,4.2,4.8,No,Female,CSM (AI/ML),0,0.0
6.85,0,1,2,35.5,5.8,7.6,7.0,5.1,2,9.8,3.8,4.1,Yes,Male,IT,0,0.0
6.18,0,4,2,81.6,4.0,8.5,4.8,9.1,0,8.7,7.9,3.7,Yes,Male,CSE,1,7.53
6.89,2,0,1,82.2,7.4,3.3,8.7,6.3,1,6.4,7.4,5.5,Yes,Female,CSM (AI/ML),1,7.06
7.25,0,1,0,58.5,8.3,6.1,9.0,6.0,1,4.6,7.9,6.8,Yes,Female,IT,1,10.09
6.95,4,3,0,51.4,9.0,5.7,8.1,8.4,1,6.2,6.7,8.9,Yes,Female,CSM (AI/ML),1,12.58
8.85,0,2,1,57.9,4.9,3.8,7.2,8.0,0,1.6,5.4,0.7,No,Male,CSM (AI/ML),0,0.0
7.73,2,2,1,58.6,3.4,6.3,6.2,6.0,0,7.2,3.2,0.0,No,Male,EEE,0,0.0
7.7,0,1,3,74.3,6.8,3.6,6.7,4.7,2,3.4,7.8,8.9,Yes,Female,CIVIL,0,0.0
8.02,1,4,2,43.8,4.4,6.5,5.3,3.8,1,7.7,5.7,5.3,Yes,Male,CSM (AI/ML),1,9.48
6.26,1,2,2,52.7,7.1,9.9,6.6,4.8,0,9.5,2.4,5.5,No,Male,IT,1,13.2
8.44,2,2,1,59.1,2.7,5.4,6.9,6.7,1,2.6,3.1,6.4,No,Male,CSM (AI/ML),1,6.92
7.32,2,2,1,66.1,7.9,5.6,5.2,6.1,1,5.4,2.3,4.8,Yes,Female,MECH,1,10.06
8.07,1,3,3,75.9,6.4,8.5,8.8,5.0,1,3.4,0.7,9.7,Yes,Male,CSE,1,12.16
6.33,0,5,2,67.0,3.1,8.2,6.3,5.8,0,2.0,5.8,6.3,No,Female,CSE,0,0.0
5.85,0,2,0,90.0,6.7,4.6,4.9,8.7,0,5.3,2.4,4.2,No,Male,MECH,1,5.49
8.22,0,2,2,46.1,6.4,7.1,6.1,7.9,1,6.8,3.4,4.4,No,Male,CSM (AI/ML),1,10.03
7.78,2,0,2,85.4,7.0,1.0,5.5,8.8,0,7.0,5.1,4.9,Yes,Female,CSM (AI/ML),0,0.0
6.5,1,3,3,46.7,7.5,3.9,5.1,5.3,1,5.8,4.6,3.4,Yes,Male,CSM (AI/ML),0,0.0
6.53,1,3,1,55.7,2.3,7.8,8.8,7.4,0,2.2,3.5,9.1,Yes,Male,ECE,1,5.05
8.53,0,6,2,68.2,5.4,4.8,6.4,7.3,1,5.7,8.2,5.5,No,Male,CSE,1,7.63
6.21,0,6,1,80.8,6.1,5.4,7.9,8.4,0,2.5,1.8,2.5,No,Male,CSE,0,0.0
9.04,2,3,2,55.7,5.7,4.0,7.0,6.3,1,2.6,1.9,6.1,Yes,Female,ECE,1,5.07
6.5,0,4,3,68.3,5.6,3.7,7.1,5.2,0,3.5,6.0,8.5,Yes,Male,CSE,0,0.0
8.04,1,2,2,57.0,7.9,1.1,6.4,5.0,0,7.6,3.7,7.6,No,Male,EEE,0,0.0
7.07,3,3,1,25.3,3.4,5.1,5.8,6.3,0,6.6,3.6,3.5,No,Male,MECH,0,0.0
8.0,1,3,1,61.4,5.7,6.7,8.3,6.4,1,6.1,2.7,2.6,Yes,Female,MECH,1,11.19
6.86,1,2,1,42.1,5.9,6.3,7.4,6.7,1,3.8,5.7,8.5,No,Female,ECE,0,0.0
7.24,0,3,2,82.3,6.0,4.2,6.1,4.3,0,4.7,5.5,1.5,Yes,Female,ECE,0,0.0
7.44,1,1,2,82.5,4.6,3.1,7.9,8.1,0,2.8,5.3,6.1,No,Male,CSE,0,0.0
6.4,3,3,4,48.6,9.6,5.1,8.7,4.4,0,8.2,3.8,3.9,Yes,Male,CIVIL,1,12.02
8.14,2,2,3,46.2,7.8,3.3,6.9,8.1,0,9.9,3.4,8.2,Yes,Male,ECE,1,8.42
6.89,1,0,3,51.9,9.7,4.3,8.7,5.8,2,6.6,4.7,2.8,No,Male,CSM (AI/ML),0,0.0
7.17,1,5,2,70.5,7.2,6.0,5.7,8.9,1,7.0,7.0,3.4,No,Male,CSM (AI/ML),0,0.0
6.41,1,2,2,70.6,7.4,4.1,5.1,3.9,1,5.2,8.3,6.6,Yes,Female,EEE,0,0.0
4.84,0,2,1,100.0,6.2,8.2,5.9,7.9,0,2.3,7.3,7.0,Yes,Female,ECE,1,6.23
7.21,1,0,1,57.1,8.7,3.8,6.5,4.9,1,3.8,6.1,8.3,Yes,Female,CSE,0,0.0
9.81,0,4,0,63.5,7.1,4.7,8.7,4.8,0,4.6,7.1,6.3,No,Male,CSM (AI/ML),1,11.58
8.18,3,1,0,92.9,5.9,7.4,5.8,8.6,0,4.7,2.5,6.0,Yes,Male,EEE,1,10.97
7.38,1,4,3,66.6,9.2,7.1,7.0,7.4,3,4.3,3.5,7.6,Yes,Male,CSM (AI/ML),1,12.7
7.14,0,3,0,44.6,4.1,6.8,8.1,4.2,1,5.6,6.1,2.0,No,Female,ECE,0,0.0
7.42,0,1,3,67.5,5.0,4.6,7.1,6.6,0,3.8,4.8,3.2,Yes,Female,CSE,0,0.0
7.95,2,1,2,73.3,10.0,6.9,5.7,8.3,1,9.8,5.7,2.2,Yes,Female,CSE,1,15.14
6.22,2,1,3,56.5,7.3,7.3,4.5,7.1,0,2.8,7.1,0.0,Yes,Female,CSM (AI/ML),1,11.04
8.51,0,2,3,74.7,2.0,6.6,8.2,6.3,0,7.3,6.7,7.1,No,Female,MECH,0,0.0
8.12,3,1,2,73.3,7.8,5.7,4.8,7.9,0,5.0,2.7,8.5,Yes,Male,CSE,1,10.27
8.12,1,3,0,54.7,4.6,6.9,5.8,6.8,0,6.4,5.0,6.5,No,Male,MECH,0,0.0
7.84,0,4,2,86.8,5.3,5.7,6.5,4.0,0,6.5,3.1,6.1,Yes,Female,EEE,1,8.26
7.42,1,2,1,49.5,10.0,6.6,8.3,6.4,0,5.8,3.4,5.4,Yes,Female,ECE,1,13.45
8.07,1,4,1,69.0,8.8,5.9,7.9,7.0,0,3.2,1.4,5.3,Yes,Female,IT,1,12.83
7.99,2,2,1,52.4,9.4,2.9,6.6,6.6,0,4.8,5.3,9.1,Yes,Male,CIVIL,1,8.6
7.05,1,4,1,34.9,5.2,4.7,8.2,5.7,2,5.8,1.3,8.8,No,Male,ECE,0,0.0
6.83,1,4,0,67.7,5.7,9.8,8.5,6.9,1,5.7,5.8,3.9,No,Male,ECE,1,11.74
7.5,0,2,2,92.9,6.5,2.1,5.7,6.6,2,3.5,7.9,7.8,No,Male,CSE,0,0.0
8.95,0,3,0,61.1,7.6,8.7,5.8,3.5,0,8.1,6.1,8.0,Yes,Female,IT,1,13.8
6.16,0,1,1,38.1,5.7,7.0,7.5,4.4,1,0.5,5.1,6.7,Yes,Male,CIVIL,0,0.0
5.93,2,4,2,65.6,9.2,5.9,8.9,6.7,2,5.0,8.2,6.1,Yes,Female,MECH,1,10.65
7.56,1,2,3,48.9,7.0,2.6,5.4,7.3,0,3.7,5.7,6.0,No,Male,CSE,0,0.0
7.45,2,2,3,78.9,8.6,5.8,3.6,5.2,1,5.9,3.2,1.8,No,Male,EEE,1,11.89
7.57,2,3,0,58.3,5.0,4.4,7.4,7.3,1,7.5,5.3,1.6,No,Male,CSE,0,0.0
7.64,2,2,1,33.6,5.5,8.1,8.4,7.0,1,2.7,9.1,7.0,No,Male,CSE,0,0.0
7.18,3,4,1,70.1,6.6,4.5,6.6,6.0,1,10.0,2.7,2.7,Yes,Female,MECH,1,10.27
8.89,1,2,0,65.3,5.5,5.3,10.0,6.9,0,5.9,2.1,2.0,No,Male,IT,1,7.41
5.8,0,1,2,57.2,7.9,6.3,5.1,6.9,1,6.3,6.3,0.4,Yes,Male,CSE,0,0.0
6.57,2,1,0,45.4,7.9,4.6,5.3,7.5,0,2.6,4.5,4.1,Yes,Female,CSE,0,0.0
7.3,0,2,0,90.6,5.8,7.6,5.3,7.6,0,5.4,3.9,6.1,No,Male,CSE,1,9.77
5.76,1,2,0,54.8,7.3,5.2,6.5,4.8,0,7.4,2.4,6.2,No,Male,IT,1,7.35
7.22,0,2,2,76.4,9.5,2.2,6.6,5.3,0,5.9,0.9,7.2,Yes,Male,EEE,0,0.0
9.06,1,2,1,54.6,7.9,6.1,5.2,8.4,1,5.8,1.9,4.3,Yes,Female,EEE,1,12.06
7.42,1,2,2,72.9,7.2,7.3,8.1,7.5,0,5.4,8.4,5.4,Yes,Female,ECE,1,11.57
7.63,0,2,1,62.9,8.3,8.5,6.8,7.2,0,2.7,5.0,7.1,No,Female,ECE,1,11.94
6.14,2,2,3,62.4,8.9,6.9,4.8,7.4,2,2.7,0.9,6.3,No,Female,CSM (AI/ML),0,0.0
6.78,0,2,3,48.8,8.6,8.0,7.3,7.9,2,7.8,7.5,3.9,Yes,Male,CSE,1,11.93
7.02,1,6,1,70.5,6.1,6.7,5.8,6.5,0,7.3,7.6,5.9,No,Male,MECH,1,11.65
7.08,0,2,1,84.5,7.6,4.0,6.6,5.8,0,7.6,7.6,0.6,Yes,Female,ECE,1,6.52
8.68,0,1,3,45.4,5.7,4.3,7.7,7.1,0,3.9,4.1,5.2,Yes,Female,CSE,1,8.84
7.96,3,3,0,48.7,6.1,1.4,7.9,6.3,1,5.2,4.4,3.8,Yes,Female,EEE,0,0.0
6.29,1,2,1,100.0,7.0,5.4,7.8,8.5,1,8.0,5.3,8.7,Yes,Male,CSE,0,0.0
7.65,1,4,0,46.0,3.9,7.0,6.5,8.4,1,3.0,7.9,3.0,Yes,Male,ECE,1,6.34
7.9,2,3,1,53.1,6.8,2.8,4.9,7.5,0,7.8,3.8,5.5,No,Male,CSE,0,0.0
8.54,1,2,4,84.1,5.1,8.3,5.9,4.5,1,4.3,3.4,4.2,No,Male,MECH,1,11.52
8.98,3,2,2,84.6,4.3,5.6,6.4,4.8,0,3.8,6.5,3.9,Yes,Male,CSM (AI/ML),1,9.95
6.38,3,0,2,23.2,7.5,4.1,8.7,4.5,2,5.4,7.5,6.1,Yes,Female,CSM (AI/ML),0,0.0
6.59,1,6,3,74.2,5.8,2.8,5.6,6.6,2,3.3,4.9,4.2,Yes,Male,MECH,0,0.0
6.14,2,2,1,58.9,6.6,9.0,6.7,7.6,0,1.7,6.4,9.5,Yes,Male,EEE,1,13.68
7.17,0,4,2,59.6,5.8,8.0,4.6,5.9,1,5.7,5.2,0.7,Yes,Female,CSM (AI/ML),1,8.71
7.87,2,0,0,80.6,5.2,5.0,6.9,5.4,0,6.6,4.5,6.7,No,Male,CSE,0,0.0
8.39,1,0,2,56.4,6.4,7.6,6.3,6.4,1,7.9,3.3,5.0,Yes,Male,IT,1,10.63
7.32,2,3,3,53.8,4.0,5.4,6.2,5.2,0,6.7,2.6,5.1,Yes,Female,CSE,1,8.38
7.08,0,4,0,56.9,6.0,4.7,7.7,6.7,0,9.4,3.7,5.9,Yes,Female,MECH,1,4.77
7.55,1,4,3,56.4,9.4,4.6,5.4,6.0,1,8.2,3.0,7.5,No,Male,IT,1,8.98
6.56,1,2,1,67.6,4.3,5.4,8.5,5.4,1,7.0,5.6,5.8,Yes,Female,CSM (AI/ML),0,0.0
9.49,3,2,5,83.2,8.5,5.0,5.3,6.5,0,6.4,7.6,7.5,Yes,Male,CSE,1,15.8
5.79,1,3,2,68.8,9.5,5.9,8.4,7.5,2,8.0,5.4,5.3,Yes,Female,CSE,1,8.98
7.58,0,1,2,61.8,4.9,8.9,4.0,4.2,0,1.1,3.1,2.8,Yes,Male,CSM (AI/ML),0,0.0
9.42,3,4,5,70.7,6.7,10.0,6.9,6.5,0,4.5,6.8,5.0,No,Male,CSM (AI/ML),1,19.31
7.41,0,0,2,74.5,4.1,3.5,7.3,3.4,0,1.8,5.6,7.9,Yes,Male,ECE,1,2.61
7.21,0,3,2,71.2,3.9,6.7,5.9,5.9,0,6.8,6.0,4.3,No,Female,MECH,0,0.0
7.04,2,0,0,51.3,6.5,6.2,6.8,7.3,0,4.0,3.9,2.7,Yes,Female,CIVIL,0,0.0
7.22,1,6,0,68.8,6.9,6.8,5.9,7.7,0,10.0,7.4,6.6,Yes,Female,ECE,1,10.67
8.77,1,2,2,28.1,5.3,4.9,7.1,5.6,0,4.5,7.4,6.0,No,Male,MECH,0,0.0
5.19,1,2,2,86.5,4.4,6.8,6.8,5.6,0,5.7,4.6,3.4,No,Female,CSE,1,6.32
8.93,1,1,2,86.5,4.9,3.2,9.7,6.0,0,4.7,6.5,4.7,Yes,Male,CSM (AI/ML),1,4.85
5.98,3,3,2,76.2,7.6,10.0,4.3,4.8,0,4.5,7.3,4.8,Yes,Male,CSE,1,17.68
7.13,1,1,3,81.9,7.6,6.4,6.7,6.5,0,3.0,4.0,5.2,Yes,Male,EEE,0,0.0
6.97,2,5,0,60.8,7.2,7.2,5.8,4.9,1,2.9,4.8,6.7,No,Male,CIVIL,1,12.52
7.99,0,2,2,50.0,5.6,3.7,6.6,7.1,1,1.1,5.2,4.3,No,Male,CIVIL,0,0.0
5.8,2,1,2,41.9,4.5,4.5,6.2,5.3,1,6.6,2.7,6.8,Yes,Female,CSM (AI/ML),0,0.0
7.86,1,1,0,78.1,8.3,3.0,5.9,5.9,1,4.7,5.9,4.0,Yes,Male,CSE,0,0.0
9.42,0,0,2,50.0,8.8,8.6,5.6,7.0,1,9.4,7.1,9.0,Yes,Male,CSE,1,13.99
6.04,1,4,2,56.0,5.4,3.7,7.5,7.2,0,3.0,4.7,9.1,No,Female,CSM (AI/ML),0,0.0
7.59,2,1,2,65.6,5.9,5.4,5.8,7.1,0,8.5,5.7,3.2,Yes,Male,CSE,1,11.22
6.74,1,3,2,61.4,3.9,5.5,6.4,6.7,2,8.6,7.9,2.4,Yes,Male,CSE,0,0.0
7.83,1,4,5,66.2,7.1,6.7,6.7,4.8,2,8.1,4.1,7.4,No,Male,CSE,0,0.0
7.42,1,5,3,33.1,9.5,3.3,5.3,6.3,1,6.0,5.8,5.8,Yes,Male,CSE,0,0.0
6.76,1,1,2,58.3,7.7,7.4,7.3,6.1,0,4.8,3.8,6.5,Yes,Female,CSE,1,10.81
7.89,0,5,0,75.2,9.7,8.2,5.0,5.7,1,8.1,3.7,3.7,Yes,Female,EEE,1,14.33
9.2,1,4,0,55.1,5.6,4.5,7.1,6.4,3,3.9,5.7,4.9,Yes,Male,ECE,0,0.0
7.21,1,4,1,48.2,4.1,5.7,7.0,5.1,0,6.0,5.5,4.4,Yes,Male,IT,0,0.0
8.12,1,4,1,77.3,8.6,7.0,6.2,6.3,0,5.4,6.2,5.9,Yes,Male,CSM (AI/ML),1,10.81
6.11,1,0,4,55.2,6.5,6.3,4.8,5.9,1,3.7,5.2,2.3,Yes,Male,CSM (AI/ML),1,6.61
6.44,1,1,1,65.0,4.8,3.9,6.4,5.7,0,6.1,6.0,5.0,Yes,Male,CSE,0,0.0
7.87,2,5,2,58.6,9.2,7.1,4.9,4.7,0,7.0,8.5,2.3,Yes,Male,CSE,1,15.19
8.88,1,4,4,62.0,5.2,8.7,6.2,4.7,0,3.6,7.2,4.0,Yes,Female,EEE,1,14.04
7.76,1,1,1,86.5,4.4,8.7,7.6,8.2,0,6.4,5.7,5.0,Yes,Male,CSE,1,10.41
7.09,2,2,2,71.2,7.2,6.9,6.4,6.5,0,1.0,6.1,6.4,Yes,Male,MECH,1,10.8
7.4,1,2,5,42.5,4.1,7.3,8.3,8.8,0,3.4,4.4,6.6,Yes,Male,EEE,1,8.11
6.15,2,2,1,56.0,7.8,5.1,6.8,8.9,2,4.6,4.7,7.0,No,Male,MECH,0,0.0
8.0,0,1,2,55.4,4.4,4.1,7.6,8.0,0,6.2,6.0,1.8,Yes,Male,EEE,0,0.0
8.28,0,4,0,65.5,6.6,5.7,7.5,4.5,3,7.2,5.2,8.1,No,Female,EEE,0,0.0
6.95,1,0,1,76.5,6.7,10.0,8.5,8.3,1,5.7,6.7,3.7,Yes,Male,ECE,0,0.0
6.93,1,1,0,62.5,6.6,4.8,4.4,6.1,0,6.6,7.7,3.9,No,Male,EEE,0,0.0
7.67,2,2,1,62.0,4.1,6.6,5.6,5.9,0,5.2,4.8,5.8,No,Male,ECE,1,9.37
6.96,0,5,1,26.3,5.9,6.5,6.4,5.7,1,6.3,0.8,4.4,Yes,Male,CSE,0,0.0
7.33,1,2,0,83.2,8.4,5.1,7.6,5.8,0,6.2,9.3,6.0,Yes,Male,CSE,1,8.54
9.5,2,0,2,59.3,5.9,8.6,6.7,6.9,1,4.5,3.6,6.5,Yes,Male,CSM (AI/ML),1,13.96
7.15,1,4,1,66.1,4.4,8.8,6.4,9.5,0,4.8,5.4,3.4,No,Male,CSE,1,10.45
7.04,1,2,1,66.1,5.5,10.0,7.9,4.0,0,6.7,6.5,4.8,Yes,Male,CIVIL,1,14.39
6.75,0,2,2,49.7,4.2,4.3,5.9,9.0,0,9.1,8.0,4.8,Yes,Female,CSE,0,0.0
8.14,1,3,0,58.1,2.7,6.6,5.8,8.4,0,7.9,8.8,7.4,No,Male,CSE,1,7.44
7.22,1,2,1,49.6,5.9,6.0,7.2,6.1,0,3.2,4.2,4.1,No,Female,CSM (AI/ML),0,0.0
6.75,1,1,1,84.1,6.4,4.5,10.0,5.6,2,3.2,7.5,4.0,No,Female,MECH,1,4.73
8.72,0,0,2,26.4,7.3,4.5,6.4,4.4,1,4.4,5.4,2.9,Yes,Female,CSM (AI/ML),1,8.07
8.82,0,1,2,46.7,6.9,6.1,5.4,5.0,0,5.7,10.0,3.1,Yes,Male,CSE,1,12.27
6.8,0,1,3,56.8,7.2,4.9,5.5,5.4,0,5.6,7.3,2.1,Yes,Female,ECE,1,8.08
5.53,0,2,3,86.0,6.1,3.9,5.9,6.2,0,8.0,4.6,3.6,Yes,Male,ECE,0,0.0
8.41,1,1,0,73.3,9.6,6.0,8.4,6.3,0,8.1,3.3,8.9,Yes,Male,MECH,0,0.0
6.72,0,1,2,35.8,4.9,3.7,5.9,7.4,0,5.5,0.0,6.8,Yes,Female,MECH,0,0.0
8.19,0,1,0,60.2,5.7,4.9,6.9,7.2,0,5.0,6.4,8.1,No,Male,EEE,0,0.0
5.43,2,3,0,73.5,8.9,6.5,6.3,6.6,4,6.5,7.1,3.0,Yes,Male,CSE,0,0.0
8.29,0,0,2,97.6,5.6,5.5,4.4,6.2,1,7.6,6.6,0.7,No,Female,CSE,0,0.0
6.19,0,1,1,56.6,6.0,5.3,5.9,7.9,2,6.6,0.1,5.9,Yes,Male,IT,0,0.0
8.13,0,1,1,43.0,6.8,9.2,2.7,7.5,0,4.6,2.4,9.5,Yes,Female,CSE,0,0.0
7.41,0,3,1,67.2,8.1,8.5,6.7,6.9,0,4.3,6.0,4.1,Yes,Male,CSM (AI/ML),1,12.26
6.45,1,5,3,61.3,6.4,6.0,7.1,5.7,0,3.3,8.7,5.4,No,Female,MECH,1,8.91
6.99,1,2,3,69.4,4.8,3.9,5.1,7.8,2,5.9,4.9,1.6,Yes,Female,ECE,0,0.0
8.09,3,4,2,73.0,5.5,7.3,5.6,7.5,0,6.7,7.3,5.3,No,Female,ECE,1,13.43
7.51,1,3,0,67.1,7.1,10.0,4.4,6.0,0,7.0,2.8,4.9,Yes,Female,CSE,1,13.83
7.98,1,0,3,70.5,5.7,8.4,3.1,3.6,2,7.8,5.4,0.4,Yes,Male,CSE,0,0.0
9.38,2,0,1,88.2,5.5,3.3,4.1,6.4,1,8.5,4.4,2.8,No,Male,EEE,1,6.18
5.84,1,3,3,57.3,4.7,5.4,7.4,5.3,0,2.8,7.5,2.6,Yes,Male,CSE,0,0.0
9.02,0,4,6,42.4,8.1,4.4,5.9,7.3,1,6.3,3.9,1.6,Yes,Female,CSM (AI/ML),0,0.0
7.5,1,0,1,67.0,6.0,4.0,6.7,6.6,0,6.4,8.5,3.5,Yes,Male,MECH,0,0.0
6.5,1,1,3,41.5,6.0,8.0,9.5,4.0,0,5.4,4.4,6.4,No,Female,IT,1,9.6
6.07,1,1,4,44.1,7.3,7.9,7.9,6.7,1,3.8,2.8,3.7,No,Male,CIVIL,1,10.49
7.21,1,1,1,48.8,4.0,9.2,7.2,8.7,2,8.4,2.8,7.8,No,Male,CIVIL,0,0.0
8.32,2,3,2,42.0,6.3,7.1,5.7,6.1,1,4.3,3.7,4.4,Yes,Male,CSM (AI/ML),1,11.53
7.27,0,1,2,80.7,8.6,5.7,8.7,6.3,0,1.1,5.8,6.0,Yes,Female,IT,1,9.78
8.91,2,5,0,62.8,6.1,6.2,8.3,5.8,0,5.5,3.7,6.3,Yes,Female,EEE,1,13.96
5.95,2,0,5,73.3,6.6,4.1,7.7,6.4,0,5.0,3.3,8.7,No,Female,CIVIL,1,6.86
7.39,0,1,1,70.2,6.5,8.4,6.4,8.5,2,9.2,6.9,3.6,Yes,Female,CSE,0,0.0
6.15,0,2,3,58.6,7.9,4.4,5.0,7.8,3,6.5,0.0,6.2,Yes,Male,CSE,0,0.0
7.76,2,2,4,77.4,6.5,5.0,8.7,5.5,1,4.9,4.1,3.0,No,Male,CSM (AI/ML),1,11.73
8.29,1,3,0,54.3,10.0,5.2,7.7,6.2,0,5.1,2.2,9.2,No,Female,MECH,1,13.23
6.98,1,1,1,59.3,6.6,1.0,6.1,6.3,0,5.1,3.2,2.8,Yes,Male,CSM (AI/ML),0,0.0
4.8,0,2,2,50.7,5.5,7.4,6.0,6.9,0,9.9,5.5,6.1,No,Female,CIVIL,0,0.0
7.6,0,2,1,84.4,8.6,4.0,4.6,6.9,0,6.9,4.6,8.8,Yes,Male,CSE,1,6.99
7.84,0,1,1,60.3,5.9,7.1,7.5,6.2,0,2.7,4.4,2.4,Yes,Male,CSE,0,0.0
7.8,0,2,3,71.6,5.2,4.9,6.7,4.6,1,5.0,7.5,6.6,No,Female,MECH,0,0.0
8.64,0,1,3,52.7,4.3,4.9,7.0,6.1,1,5.5,5.0,2.9,Yes,Female,EEE,0,0.0
6.33,1,3,2,75.6,7.0,3.7,7.8,5.8,2,3.3,8.8,10.0,No,Male,CSM (AI/ML),0,0.0
8.08,1,1,1,74.4,5.5,8.4,7.5,5.0,1,1.9,6.5,0.8,Yes,Male,CIVIL,0,0.0
8.59,1,4,1,36.0,5.0,8.9,5.1,7.4,0,6.7,3.0,1.7,No,Female,MECH,1,13.71
5.62,0,1,4,62.1,5.3,7.7,6.4,6.3,1,3.9,9.1,2.6,Yes,Female,CSM (AI/ML),0,0.0
7.72,1,1,3,63.9,5.6,6.3,7.0,4.9,3,8.0,5.6,2.7,Yes,Female,MECH,0,0.0
6.9,3,3,2,57.2,7.5,6.1,7.1,9.1,4,5.5,8.9,6.4,No,Male,CSM (AI/ML),0,0.0
7.32,1,1,1,84.2,7.0,7.9,4.0,6.9,1,4.6,4.4,9.3,Yes,Male,EEE,1,10.01
7.75,1,2,1,42.5,6.0,5.6,4.9,7.4,1,0.7,5.6,7.9,Yes,Male,CSE,0,0.0
6.91,0,2,5,54.8,7.1,8.3,7.4,7.8,0,7.9,5.9,5.7,Yes,Male,CSE,1,11.08
6.72,1,2,2,48.4,6.0,4.0,7.4,5.7,0,6.1,4.6,5.2,No,Male,CSM (AI/ML),0,0.0
7.43,1,6,2,78.5,6.5,7.7,8.8,7.1,2,4.6,7.7,3.8,Yes,Male,CSM (AI/ML),1,11.09
6.31,1,1,2,45.5,5.1,8.2,4.1,3.6,2,3.7,9.1,6.1,Yes,Female,CSE,0,0.0
6.31,1,3,2,32.7,5.1,3.7,7.7,7.6,1,8.7,0.2,4.7,No,Male,ECE,1,6.57
8.08,1,1,4,68.9,6.4,4.2,7.0,6.2,1,3.4,6.7,5.6,No,Female,ECE,0,0.0
6.25,2,2,1,59.8,6.4,5.7,4.8,7.0,1,4.8,3.1,3.5,Yes,Female,CSE,0,0.0
8.07,2,1,0,78.6,7.8,6.6,3.7,6.2,0,6.6,0.0,2.4,No,Male,CSE,0,0.0
7.86,1,2,0,75.0,7.0,4.6,7.8,8.8,0,8.4,6.1,5.3,Yes,Male,CSE,1,8.16
5.67,2,1,1,61.3,5.4,6.0,4.9,8.0,0,5.1,6.1,5.2,No,Male,CSE,1,9.35
6.72,0,3,3,38.9,4.2,1.9,4.4,2.6,1,4.0,6.4,3.8,Yes,Female,CSM (AI/ML),0,0.0
8.59,1,0,1,42.8,7.6,7.3,7.1,7.1,0,5.3,5.8,3.4,Yes,Female,CSE,1,12.34
6.42,1,4,2,33.6,6.7,7.3,6.4,5.9,1,7.3,6.8,6.5,No,Male,CIVIL,1,9.91
6.94,1,0,2,59.8,7.8,8.7,7.3,7.1,3,7.8,3.7,6.2,Yes,Female,CSE,1,11.15
7.86,2,4,3,51.5,6.9,6.9,7.0,7.1,0,2.7,5.6,9.5,Yes,Male,CSE,1,12.93
8.18,1,0,1,59.1,9.1,5.1,10.0,5.3,0,5.7,6.5,8.4,No,Male,CSM (AI/ML),1,10.51
7.15,0,0,4,64.8,5.9,3.9,7.5,6.1,0,2.6,7.8,2.5,Yes,Male,CSE,0,0.0
6.8,0,1,1,92.4,6.3,4.3,7.4,4.9,0,7.3,5.1,4.8,Yes,Female,CSE,1,4.24
8.82,1,2,4,71.3,7.5,5.6,5.1,8.4,2,6.3,4.6,2.1,No,Male,MECH,1,10.81
9.14,0,3,2,63.1,7.6,4.2,8.7,6.8,0,3.7,4.9,1.0,Yes,Male,ECE,0,0.0
8.38,1,2,5,37.0,6.7,4.3,5.6,6.9,2,8.6,2.5,10.0,No,Male,CSE,0,0.0
7.49,1,3,3,62.4,3.7,5.7,5.0,6.7,0,6.2,6.6,8.6,Yes,Male,ECE,1,7.07
6.59,0,3,1,76.1,3.4,2.7,6.1,4.8,2,6.0,1.9,3.8,Yes,Female,CSE,0,0.0
6.57,1,0,1,68.3,5.6,3.9,7.1,7.2,0,5.1,5.8,8.1,Yes,Male,CSM (AI/ML),0,0.0
7.92,3,1,1,45.2,6.2,6.2,5.7,8.8,1,5.5,5.2,8.4,Yes,Male,CSM (AI/ML),1,8.75
7.82,3,1,2,56.0,3.2,6.3,5.1,4.1,0,4.7,1.7,0.8,Yes,Female,MECH,1,6.82
8.8,0,1,0,63.2,6.2,7.4,5.1,6.4,1,4.0,1.9,7.2,Yes,Female,MECH,0,0.0
8.05,0,2,0,55.5,7.2,6.1,6.7,7.4,1,8.0,3.2,4.1,No,Male,CIVIL,1,10.58
5.9,1,4,2,52.1,6.1,5.9,7.2,5.3,0,4.5,4.3,6.1,No,Male,CSE,1,6.94
8.45,1,2,1,27.6,6.7,7.0,7.4,7.3,0,4.4,8.1,10.0,Yes,Male,ECE,1,10.26
6.4,1,5,5,49.7,7.1,6.2,4.1,6.4,0,5.2,4.8,8.8,Yes,Female,CSE,1,11.47
7.02,1,1,1,66.0,3.6,4.0,5.2,5.3,1,8.3,6.1,4.9,Yes,Female,MECH,0,0.0
7.65,1,3,1,76.0,7.2,4.3,7.8,2.8,1,7.8,7.7,8.5,Yes,Male,CSM (AI/ML),0,0.0
9.4,3,1,2,63.2,5.0,9.0,5.8,6.2,1,4.7,7.3,0.8,No,Female,CSE,1,12.85
10.0,1,2,0,79.0,5.8,10.0,6.7,6.2,1,8.0,5.0,6.4,Yes,Male,CSM (AI/ML),0,0.0
8.01,1,1,1,60.7,5.1,7.2,10.0,8.1,1,5.7,3.5,6.4,No,Female,CSM (AI/ML),0,0.0
7.22,2,1,1,48.0,7.9,3.9,3.0,6.8,0,3.8,6.0,6.8,Yes,Male,MECH,0,0.0
7.93,1,2,2,54.4,4.3,9.4,6.2,5.6,1,4.5,3.6,4.0,Yes,Male,CSE,1,9.7
8.29,0,2,2,70.0,8.4,5.0,7.5,4.1,1,8.2,8.8,6.1,Yes,Female,ECE,1,10.19
7.08,1,2,1,57.7,10.0,6.6,4.9,7.5,0,9.7,6.8,7.2,Yes,Male,MECH,1,12.08
9.2,0,4,0,51.7,3.7,5.8,6.2,6.5,0,6.1,5.4,0.0,Yes,Female,MECH,0,0.0
7.63,1,2,1,37.1,5.3,6.2,4.6,5.7,0,4.4,6.1,4.5,No,Female,IT,0,0.0
7.9,0,4,3,47.7,7.2,5.0,7.3,5.5,0,5.3,5.4,3.1,Yes,Female,CSE,1,8.19
8.07,0,3,2,55.6,4.6,8.3,5.4,8.0,2,4.0,4.2,6.7,Yes,Female,CSM (AI/ML),0,0.0
7.82,0,3,2,52.7,5.8,5.4,5.8,8.2,0,4.3,6.0,8.4,Yes,Male,CSM (AI/ML),1,6.13
8.24,3,3,3,46.4,6.5,7.0,7.7,5.4,1,4.1,4.5,3.8,Yes,Female,CSE,1,12.19
6.78,0,6,2,86.9,5.1,6.9,7.2,3.1,1,5.3,9.1,2.7,Yes,Male,MECH,1,9.9
6.84,2,2,1,71.6,6.3,5.6,7.9,6.0,1,5.7,3.5,5.5,Yes,Male,EEE,0,0.0
6.3,4,3,3,97.1,7.7,2.9,9.0,6.6,0,5.2,6.1,2.5,No,Male,ECE,1,9.15
7.84,0,4,1,36.3,6.1,4.2,6.5,6.4,0,5.1,3.4,4.7,Yes,Female,CSM (AI/ML),1,8.68
8.18,1,4,2,67.0,4.5,7.2,9.6,4.1,1,7.0,3.3,4.4,Yes,Male,CIVIL,1,10.24
7.86,2,4,0,55.0,8.1,6.4,6.7,8.4,1,5.0,1.2,6.5,Yes,Female,CSE,1,11.36
9.07,2,0,0,62.3,8.4,4.3,8.4,3.7,0,5.2,5.9,5.9,Yes,Male,CSM (AI/ML),0,0.0
7.39,1,1,5,91.6,6.8,5.9,6.4,5.3,0,5.1,3.9,5.6,No,Male,IT,1,7.64
8.07,0,3,1,34.2,4.6,6.2,7.7,4.9,0,8.6,7.3,9.0,No,Female,CSE,1,9.34
6.31,0,2,3,52.8,4.8,6.9,5.8,4.8,0,4.5,5.9,5.8,No,Male,MECH,0,0.0
7.01,0,3,4,50.0,2.4,9.3,8.4,3.2,0,6.7,5.3,4.2,Yes,Female,EEE,1,6.87
8.1,0,6,1,52.9,5.3,1.5,8.1,6.4,2,4.0,2.0,4.5,Yes,Male,CIVIL,0,0.0
8.25,0,4,0,28.2,7.9,8.1,6.1,8.3,0,6.2,6.2,3.4,Yes,Female,CSE,1,11.76
7.11,2,3,1,82.6,5.1,6.2,6.6,6.1,0,6.6,3.6,2.9,Yes,Female,IT,1,8.26
7.33,2,4,3,83.2,4.7,3.8,5.0,4.9,0,7.7,2.0,2.0,Yes,Male,CSE,0,0.0
5.88,2,3,0,71.3,7.8,6.1,7.8,8.3,0,4.7,5.9,7.8,No,Male,CSM (AI/ML),1,10.79
7.04,1,1,1,40.6,8.0,8.5,7.7,7.5,0,3.3,2.4,3.5,Yes,Male,CSE,1,12.92
8.29,1,4,0,66.4,5.3,9.1,4.6,5.1,0,3.9,0.6,5.9,Yes,Male,CSE,1,13.86
7.98,2,5,2,75.9,7.0,3.9,9.7,6.8,0,7.4,7.7,4.5,No,Female,IT,1,11.74
7.9,0,4,1,68.2,4.8,4.2,7.0,7.8,0,9.7,3.8,5.1,No,Male,EEE,1,6.38
7.45,2,0,2,61.2,5.7,3.3,6.1,5.0,0,7.2,1.3,7.9,Yes,Female,ECE,0,0.0
7.41,1,1,0,84.6,3.3,6.2,8.2,6.5,0,3.0,3.0,5.6,Yes,Male,CSE,1,5.0
6.74,3,1,1,50.7,6.8,6.3,5.6,5.8,0,7.1,3.5,3.1,No,Male,ECE,0,0.0
8.1,1,0,1,59.3,6.0,7.7,8.4,4.6,1,3.6,7.4,3.9,Yes,Male,CSM (AI/ML),0,0.0
7.82,2,1,1,72.0,5.1,6.6,4.6,6.5,0,4.8,1.5,7.2,No,Male,CSE,1,9.51
7.89,2,1,1,67.1,6.1,7.5,6.1,6.9,0,5.9,2.2,6.3,Yes,Male,ECE,1,8.25
6.87,1,0,1,71.0,5.9,3.2,6.3,6.4,0,6.2,7.1,7.3,Yes,Male,MECH,1,5.62
5.25,0,5,0,70.5,4.9,9.1,5.6,5.2,1,5.6,4.1,4.7,Yes,Female,CSM (AI/ML),0,0.0
8.5,1,1,2,70.4,6.8,8.3,5.3,9.2,0,4.3,5.5,2.0,Yes,Female,ECE,1,13.56
6.92,0,1,2,56.2,5.7,4.8,5.7,5.6,1,7.6,4.0,6.4,No,Male,EEE,1,3.56
6.54,1,2,2,50.8,6.0,4.3,5.6,7.1,2,4.4,9.2,5.8,No,Male,CSE,0,0.0
8.09,2,6,1,64.2,3.9,7.2,5.7,7.4,0,8.0,2.3,5.8,No,Female,MECH,1,12.28
7.01,0,5,6,86.2,6.0,2.8,8.6,2.8,2,2.8,5.6,2.0,Yes,Female,MECH,0,0.0
8.46,1,4,6,61.6,5.9,4.4,7.1,7.5,0,5.9,8.2,3.7,No,Male,ECE,0,0.0
8.02,0,1,0,71.6,4.9,3.8,6.3,6.3,0,3.0,4.2,3.0,No,Female,CSE,0,0.0
8.08,1,3,0,63.8,7.1,5.6,7.5,5.9,1,3.8,3.4,6.1,No,Male,ECE,1,9.32
6.03,1,0,2,94.5,2.8,5.0,6.3,6.1,0,4.5,6.6,6.2,Yes,Male,CSE,0,0.0
8.61,0,1,2,59.8,5.4,4.3,5.2,7.1,1,8.5,7.1,5.1,No,Male,MECH,0,0.0
7.66,0,1,3,71.6,6.7,4.1,4.0,3.1,2,8.1,3.3,7.4,Yes,Female,CSM (AI/ML),0,0.0
7.03,3,5,2,50.5,9.6,4.6,7.9,6.3,1,7.2,8.1,8.6,Yes,Male,CSM (AI/ML),1,10.32
7.54,1,3,0,44.1,4.0,3.5,3.1,6.9,0,5.6,5.1,6.0,Yes,Male,IT,1,3.82
5.62,1,3,1,61.9,6.3,6.8,4.1,9.3,0,5.9,6.1,6.7,No,Female,CSM (AI/ML),1,6.29
7.81,1,5,1,80.9,7.1,7.9,7.2,4.4,0,8.0,8.1,4.0,No,Female,MECH,1,13.36
6.37,1,0,5,72.1,6.3,6.6,6.4,6.9,1,6.9,6.6,3.5,Yes,Male,EEE,0,0.0
6.05,1,1,1,28.6,4.2,8.4,8.6,5.6,0,5.5,5.0,7.5,Yes,Female,CSM (AI/ML),0,0.0
5.88,1,3,3,73.7,5.4,4.2,5.4,7.0,0,8.5,3.6,3.2,Yes,Female,CSE,1,6.29
8.51,1,1,2,37.5,2.3,4.4,7.6,7.5,0,7.1,10.0,6.8,No,Male,MECH,0,0.0
6.77,1,3,4,75.4,6.2,6.6,6.1,5.3,0,6.0,3.3,9.2,No,Male,MECH,1,12.97
8.93,3,5,1,70.7,3.9,6.9,7.2,9.0,0,4.6,5.7,6.7,Yes,Male,CSE,1,12.53
6.86,2,2,2,59.6,6.9,5.8,6.7,8.2,0,4.4,6.1,5.0,No,Female,CSE,1,9.7
5.69,1,2,0,73.6,5.2,5.8,7.2,7.4,1,4.8,6.2,2.1,Yes,Female,MECH,0,0.0
6.28,0,1,0,57.8,5.0,3.8,6.7,5.8,1,6.4,9.5,5.6,Yes,Male,IT,1,2.5
8.64,0,3,1,64.4,6.5,1.0,6.8,5.5,1,7.2,5.1,7.5,Yes,Male,CIVIL,0,0.0
7.24,0,4,2,39.0,6.6,6.9,4.8,6.9,0,2.6,4.8,4.8,Yes,Female,EEE,0,0.0
6.85,3,1,2,57.9,7.6,7.7,6.5,5.7,0,1.6,8.3,7.5,No,Female,CIVIL,1,13.91
7.56,0,5,3,76.8,5.8,5.0,7.3,5.6,0,3.6,4.7,6.0,No,Male,CSM (AI/ML),0,0.0
7.9,3,2,3,40.7,6.0,4.8,6.3,9.0,0,4.7,6.8,5.9,Yes,Male,CSE,1,9.65
8.52,3,3,3,75.1,4.0,4.5,6.2,7.1,0,7.9,5.4,4.5,No,Female,CSM (AI/ML),1,8.64
8.85,0,1,1,29.7,8.5,5.1,3.6,7.5,0,4.9,6.9,1.9,Yes,Male,IT,0,0.0
7.04,1,4,1,43.0,4.7,7.7,8.7,8.9,0,6.0,6.5,4.2,Yes,Female,CIVIL,0,0.0
6.07,2,0,0,57.0,7.4,4.0,4.3,6.4,0,6.3,4.2,4.2,Yes,Male,CSE,0,0.0
6.99,0,5,1,64.5,7.4,7.0,5.5,5.4,1,3.5,1.1,6.5,No,Female,ECE,0,0.0
7.66,2,4,5,52.8,6.8,4.9,5.2,4.8,1,8.4,1.5,5.2,No,Male,CSE,0,0.0
6.44,2,2,1,52.4,5.8,2.0,6.8,8.2,0,4.2,1.1,7.7,Yes,Female,MECH,0,0.0
6.44,1,3,2,79.7,5.6,5.1,6.9,5.8,2,8.6,4.8,5.8,Yes,Male,CSM (AI/ML),0,0.0
7.74,2,1,0,81.0,6.1,8.9,7.4,2.2,0,5.2,0.1,4.0,No,Female,CIVIL,1,11.24
7.35,0,2,1,55.2,3.2,4.5,7.5,2.6,0,4.8,4.7,3.3,Yes,Male,CSE,0,0.0
7.43,1,1,2,55.7,6.2,5.3,9.0,4.2,1,3.3,5.3,3.8,No,Male,MECH,0,0.0
6.64,0,5,1,57.4,8.6,5.8,5.9,5.8,1,5.9,6.8,5.6,Yes,Male,CSM (AI/ML),0,0.0
7.17,1,1,2,97.5,5.8,6.2,5.2,6.0,0,10.0,6.1,4.3,Yes,Female,CSE,1,8.65
6.48,1,3,1,62.3,6.1,8.7,6.0,7.0,1,6.3,6.9,2.7,Yes,Female,ECE,1,10.43
8.29,1,2,0,87.1,4.6,4.3,4.7,4.7,0,6.0,5.9,7.5,Yes,Female,ECE,1,8.53
8.44,0,3,3,73.7,6.5,5.8,5.9,6.6,0,4.2,4.3,5.6,Yes,Male,CSM (AI/ML),1,9.69
5.55,0,2,0,60.3,5.0,7.2,4.1,7.5,1,6.7,4.8,5.8,Yes,Male,EEE,0,0.0
6.47,2,3,2,51.6,7.6,4.4,5.1,6.1,1,5.8,3.2,3.3,No,Male,EEE,0,0.0
5.9,3,2,3,74.5,8.0,5.9,3.9,5.6,0,5.4,5.5,2.8,Yes,Male,CSE,1,12.23
6.75,1,3,5,49.4,8.4,7.7,8.2,5.1,1,6.5,1.7,4.8,Yes,Female,ECE,1,13.6
7.32,2,2,4,55.8,3.9,4.8,6.6,7.9,0,1.9,7.2,0.5,No,Male,EEE,1,8.07
5.95,0,1,3,72.5,7.4,5.5,9.2,4.4,1,5.3,3.0,7.0,No,Male,CSE,0,0.0
6.48,0,2,1,58.2,7.2,3.6,8.1,8.5,0,3.1,5.3,3.6,Yes,Female,EEE,0,0.0
6.4,2,0,1,55.7,5.5,7.6,8.2,6.3,1,5.6,5.7,4.6,No,Female,MECH,0,0.0
7.61,1,5,1,57.1,8.1,6.1,6.2,4.8,1,4.1,7.4,6.2,Yes,Female,MECH,1,11.82
7.47,0,4,0,51.0,6.9,5.0,7.1,7.5,0,4.2,1.5,4.7,Yes,Female,CSE,0,0.0
6.68,1,5,1,69.2,8.4,5.2,5.1,7.0,1,2.8,4.3,2.5,Yes,Male,EEE,1,9.29
7.58,0,2,3,62.6,4.2,5.8,5.6,6.9,1,7.7,6.2,8.7,Yes,Female,MECH,0,0.0
6.85,2,4,3,40.3,5.1,6.4,6.4,7.3,1,4.1,8.7,1.7,Yes,Male,CSM (AI/ML),1,8.18
7.13,2,3,0,54.2,6.3,4.6,3.8,6.5,0,4.3,4.9,0.1,No,Male,ECE,1,7.88
9.07,1,0,1,56.1,8.1,4.7,5.6,6.9,1,8.6,3.8,7.2,No,Male,CSE,0,0.0
8.74,1,0,2,56.0,6.9,5.3,7.6,8.2,0,6.6,9.3,1.8,No,Male,CSM (AI/ML),1,11.29
6.1,1,1,4,71.6,4.7,6.1,5.7,6.6,3,1.4,6.7,8.1,Yes,Male,ECE,0,0.0
8.23,1,3,2,50.8,9.0,8.9,5.3,7.4,0,8.3,7.9,6.1,No,Male,CSE,1,15.84
8.21,1,3,1,100.0,5.7,4.3,5.8,3.2,0,8.8,2.5,5.9,Yes,Female,CSM (AI/ML),1,8.96
6.25,0,3,1,84.2,4.7,2.7,7.5,6.8,0,8.6,6.1,3.9,Yes,Female,CSM (AI/ML),1,2.5
8.22,1,3,2,84.1,5.0,8.5,6.9,9.8,0,6.8,2.7,3.3,No,Female,CSE,1,12.17
8.94,0,2,1,45.5,4.1,4.1,6.1,3.8,0,3.3,2.3,4.3,Yes,Female,ECE,1,5.42
6.28,2,1,4,29.5,2.6,8.6,6.4,9.1,0,5.4,6.2,3.2,Yes,Female,MECH,1,7.75
6.48,0,1,1,56.6,6.0,8.2,7.7,7.3,0,2.6,6.4,8.0,No,Male,CSE,0,0.0
8.42,1,3,1,66.7,3.7,6.8,8.4,3.9,1,3.8,4.0,3.5,No,Male,EEE,1,9.98
7.67,0,6,1,59.4,6.7,8.1,5.7,6.4,1,3.3,8.0,6.4,Yes,Male,CSE,1,12.52
7.95,1,1,2,53.5,7.8,2.3,6.3,6.9,0,4.2,4.2,7.5,No,Female,CSE,0,0.0
7.74,0,3,1,34.1,6.8,3.2,8.3,7.6,1,5.8,4.4,3.2,Yes,Female,IT,1,3.91
7.79,0,5,2,51.2,6.3,6.3,7.2,5.7,0,4.6,4.9,6.1,No,Male,EEE,0,0.0
6.07,0,2,2,58.1,3.7,5.1,4.3,7.3,1,4.5,4.5,3.1,Yes,Male,CSE,0,0.0
8.45,0,4,1,54.1,7.6,4.3,5.1,8.2,2,4.9,7.7,4.8,No,Male,EEE,1,7.82
8.57,1,1,0,54.0,9.3,7.3,5.1,7.5,0,8.5,2.8,4.1,No,Male,CSE,1,12.82
7.17,0,1,1,49.2,8.5,6.3,5.8,8.0,1,9.8,3.4,3.6,Yes,Female,CIVIL,0,0.0
7.36,0,0,1,88.5,4.1,7.8,7.0,5.7,2,4.6,2.5,5.6,No,Male,CSE,0,0.0
5.87,2,1,3,73.3,6.1,5.1,9.2,7.3,0,6.2,9.0,2.4,No,Female,MECH,0,0.0
7.91,2,3,0,77.3,5.7,5.8,6.3,9.5,1,3.8,4.3,7.3,Yes,Female,CSE,1,10.02
7.97,0,3,2,66.4,5.6,8.7,7.4,4.8,1,7.0,3.4,2.7,No,Male,ECE,1,10.09
7.34,1,2,1,40.6,6.2,3.4,8.1,6.9,1,4.5,4.4,2.3,No,Female,CIVIL,0,0.0
8.52,1,0,1,73.8,9.7,5.6,8.6,4.7,1,4.1,6.8,4.6,Yes,Female,CSM (AI/ML),1,10.85
7.07,1,2,4,83.6,6.4,4.1,8.1,8.1,1,9.5,6.4,4.3,Yes,Female,CSE,0,0.0
7.96,0,1,5,85.9,5.5,9.0,5.3,3.5,0,2.8,3.8,6.0,Yes,Female,ECE,0,0.0
6.38,2,3,0,72.0,6.7,10.0,4.2,5.5,0,0.6,4.2,5.4,Yes,Male,CSE,1,14.08
7.38,1,0,1,62.0,4.1,6.2,5.5,9.5,1,7.0,1.9,1.5,Yes,Female,MECH,0,0.0
7.23,0,1,0,62.0,5.1,6.7,6.7,5.6,0,4.8,5.3,7.5,Yes,Male,ECE,0,0.0
7.63,0,3,2,70.3,7.8,5.6,5.3,6.2,2,4.2,7.7,4.6,No,Female,CSM (AI/ML),1,10.46
7.03,0,4,1,35.7,6.5,5.5,4.0,8.0,0,10.0,3.8,5.8,No,Male,EEE,1,7.6
7.27,0,0,0,72.2,9.6,6.0,4.6,6.1,2,7.0,6.3,10.0,No,Female,CSE,1,10.04
8.23,0,2,1,54.2,6.6,3.2,10.0,3.5,1,5.4,3.8,8.2,No,Male,CIVIL,1,5.41
6.96,1,1,3,97.4,4.2,7.1,6.1,4.8,0,4.1,2.7,5.7,Yes,Male,CSM (AI/ML),1,7.51
5.79,1,2,1,57.2,3.7,3.9,9.1,8.1,0,6.4,6.4,2.0,No,Female,MECH,0,0.0
9.15,1,3,1,65.1,7.8,5.1,6.0,8.4,0,2.0,9.9,2.1,Yes,Female,CSE,1,10.15
8.78,0,4,1,64.3,4.5,5.9,7.6,3.5,1,4.5,6.1,7.9,Yes,Female,EEE,0,0.0
6.11,0,3,2,50.9,4.4,4.4,6.2,5.0,1,5.4,4.1,4.3,Yes,Male,CSE,0,0.0
8.09,2,3,3,69.3,5.4,6.9,6.4,5.4,0,5.9,4.3,4.8,Yes,Female,CSM (AI/ML),0,0.0
6.9,0,5,1,67.5,7.8,4.9,7.6,5.8,0,5.2,9.0,2.6,Yes,Female,CSE,0,0.0
7.66,1,3,1,78.4,5.6,7.8,5.8,5.0,0,4.1,5.6,6.2,Yes,Male,CSM (AI/ML),1,11.18
7.69,1,2,1,73.5,4.9,4.1,4.6,6.4,0,7.3,3.4,7.8,No,Female,CSM (AI/ML),0,0.0
7.17,0,3,2,65.0,8.1,5.5,5.2,5.5,0,2.2,4.9,8.7,Yes,Male,CSM (AI/ML),1,9.65
6.62,1,3,1,48.9,7.9,3.8,5.2,5.7,1,4.9,5.5,4.2,Yes,Female,IT,1,6.14
6.71,0,1,2,49.4,8.9,7.7,6.5,4.7,1,4.5,6.0,6.7,No,Male,CSE,1,10.74
6.48,2,4,1,88.5,8.4,5.2,3.6,7.4,1,7.5,8.2,5.0,Yes,Female,MECH,1,9.39
6.57,0,2,0,63.4,7.9,4.7,6.9,4.4,1,4.6,7.7,7.2,No,Female,CSM (AI/ML),0,0.0
7.33,2,1,1,95.2,5.0,5.4,8.3,6.8,1,6.4,5.4,5.2,Yes,Female,CSM (AI/ML),0,0.0
6.68,1,6,0,48.9,7.3,5.6,5.6,7.7,2,6.2,4.9,3.3,Yes,Female,CSE,0,0.0
8.08,2,0,1,97.1,8.1,6.6,5.4,9.1,0,1.8,5.8,8.2,Yes,Female,EEE,1,12.93
8.89,1,1,3,46.9,9.2,6.8,9.4,7.0,0,5.4,3.7,5.4,Yes,Male,CSM (AI/ML),1,14.03
6.82,1,4,2,55.0,6.5,5.5,8.6,6.6,0,2.0,7.1,4.4,Yes,Male,MECH,1,10.45
7.64,4,0,3,69.1,5.4,5.7,7.0,3.9,1,6.2,4.6,5.6,Yes,Male,IT,1,8.81
7.9,1,2,2,78.0,4.8,1.0,5.3,8.4,2,4.0,6.0,3.5,No,Male,CSE,0,0.0
7.87,1,1,2,72.8,7.8,4.9,7.3,6.5,0,7.9,8.6,6.2,Yes,Male,CSE,0,0.0
7.48,3,1,2,31.4,5.1,8.5,4.9,6.7,0,5.1,6.2,4.7,Yes,Female,CSM (AI/ML),1,12.07
8.14,0,2,2,52.8,6.4,6.7,4.4,6.9,2,4.0,5.5,3.4,No,Male,ECE,0,0.0
7.88,1,2,0,43.7,4.8,3.8,7.1,6.5,0,7.9,3.9,10.0,Yes,Female,CSM (AI/ML),1,6.33
6.16,1,2,0,39.9,5.9,5.1,5.7,6.3,0,3.8,4.8,2.9,Yes,Male,IT,0,0.0
8.27,1,2,2,61.7,6.9,4.7,3.4,5.8,0,7.3,2.6,6.0,Yes,Male,MECH,0,0.0
8.29,2,2,1,28.2,6.6,7.8,7.3,7.3,2,6.4,6.1,5.3,Yes,Male,IT,0,0.0
6.64,0,4,0,78.0,7.4,7.6,8.6,4.2,1,4.8,0.5,2.8,No,Male,CSM (AI/ML),1,8.98
7.44,0,2,1,73.9,4.0,4.3,7.4,4.2,0,2.8,7.0,4.4,No,Male,CSM (AI/ML),0,0.0
8.08,1,1,1,87.9,6.0,5.8,5.7,5.1,1,8.0,6.5,2.1,No,Female,CSM (AI/ML),0,0.0
7.19,2,1,2,44.9,5.4,3.6,3.2,8.0,0,6.5,5.2,10.0,No,Male,ECE,0,0.0
8.47,1,2,3,46.5,4.6,4.6,6.6,6.9,1,4.0,3.9,4.6,Yes,Male,MECH,0,0.0
9.76,1,2,3,78.8,5.0,4.7,5.4,5.4,0,6.0,5.0,4.8,Yes,Male,CIVIL,0,0.0
6.61,1,3,3,80.0,4.8,4.5,5.0,5.2,1,7.5,1.3,9.7,No,Male,ECE,1,5.11
6.02,2,2,0,83.6,6.8,6.5,3.5,6.2,0,5.7,6.7,3.3,Yes,Female,CSM (AI/ML),0,0.0
7.7,0,1,1,80.5,6.8,8.4,9.2,6.9,0,6.0,4.7,8.2,No,Male,CSM (AI/ML),0,0.0
8.12,0,5,3,65.5,7.6,5.7,4.8,8.2,0,7.6,8.2,6.6,Yes,Male,EEE,1,7.85
7.17,3,3,2,54.6,6.7,3.8,3.7,9.2,0,8.6,5.8,0.6,Yes,Male,ECE,1,8.23
8.85,0,3,0,73.8,6.5,6.2,8.9,6.1,2,5.3,5.5,4.3,No,Female,ECE,0,0.0
6.06,3,4,2,54.9,6.3,6.2,6.4,9.4,1,2.8,5.8,6.2,No,Male,CSE,1,8.9
8.09,0,4,2,63.7,7.3,5.4,6.2,6.4,0,2.9,3.0,5.3,No,Male,CIVIL,1,13.22
6.79,2,3,1,55.9,2.8,9.3,6.9,6.7,1,4.1,4.1,5.3,No,Male,MECH,1,7.83
9.12,1,2,2,66.3,6.1,6.3,7.1,7.7,0,3.6,5.3,3.8,Yes,Female,CSE,1,11.16
9.39,0,4,2,81.9,6.7,6.9,6.7,7.9,0,2.1,4.4,3.6,No,Male,CSM (AI/ML),1,11.2
6.63,0,1,0,56.4,9.1,1.5,4.1,8.5,0,9.2,3.8,4.5,No,Male,ECE,0,0.0
6.85,0,1,0,54.0,4.4,4.0,4.0,4.5,0,6.6,4.4,9.7,Yes,Female,CSM (AI/ML),0,0.0
8.26,1,1,3,60.3,4.4,6.8,5.3,6.5,0,4.5,5.1,3.1,No,Male,CSM (AI/ML),0,0.0
7.01,1,3,3,43.1,2.6,6.3,5.6,8.1,1,5.4,9.9,4.1,No,Female,EEE,0,0.0
7.35,0,4,2,72.6,4.0,5.1,5.9,4.8,0,1.9,4.3,5.3,Yes,Male,CSE,1,5.14
7.43,0,6,0,63.9,6.0,6.7,6.7,3.7,0,7.8,3.6,1.8,Yes,Male,ECE,1,10.66
5.48,1,2,0,61.4,5.0,7.6,6.0,4.2,1,1.6,4.7,6.2,No,Female,CSE,0,0.0
7.39,0,3,1,67.3,5.0,4.9,5.4,6.1,0,6.5,8.2,2.2,Yes,Male,CSE,0,0.0
6.71,3,3,1,38.4,6.2,4.6,7.0,9.1,0,1.8,8.3,2.7,Yes,Female,ECE,0,0.0
6.91,0,5,2,84.4,7.1,5.3,7.5,4.2,1,4.7,9.1,2.6,No,Female,CSE,1,7.19
8.84,1,2,0,53.7,6.2,6.7,5.2,4.7,0,8.0,5.1,1.4,Yes,Male,CSE,0,0.0
6.14,1,0,0,56.0,6.2,4.7,4.3,5.6,0,2.2,6.3,8.1,Yes,Male,ECE,1,5.2
8.21,1,3,2,75.8,6.8,7.4,6.7,4.9,0,5.2,2.8,6.4,Yes,Male,IT,1,12.14
7.12,3,2,3,71.8,3.3,4.9,5.8,4.7,0,6.8,4.3,7.3,Yes,Male,EEE,0,0.0
7.12,2,2,1,94.0,6.4,4.7,7.7,3.4,0,6.4,2.7,7.1,No,Male,CSE,0,0.0
8.19,3,5,3,46.6,6.1,10.0,4.9,5.6,0,5.6,6.0,4.8,Yes,Female,CSM (AI/ML),1,15.93
7.74,2,3,3,47.0,6.2,3.5,4.6,9.0,1,6.5,5.1,5.1,Yes,Male,CSM (AI/ML),0,0.0
